"BIOSAMPLEID","SITE","YEAR","DATE","BIWEEK","HARBOR","SEX","OTOLITH","LENGTH","CLASSN","RF_NAME","LOGBOOK_AREA","GF_area","AGE","AGE2","AGECONF","OTOLITH_WT","SPECIES","MONTH","DAY"
181041,"ELFIN_COVE",2022,2022-08-19,17,0,"M",720017,355,"Private","black",114211,"NSEI",NA,NA,NA,NA,142,8,19
180850,"ELFIN_COVE",2022,2022-08-18,17,1,"M",720002,410,"Charter","black",113910,"NSEO",NA,NA,NA,NA,142,8,18
180849,"ELFIN_COVE",2022,2022-08-18,17,1,"F",720001,665,"Charter","black",113910,"NSEO",NA,NA,NA,NA,142,8,18
180874,"ELFIN_COVE",2022,2022-08-18,17,1,"M",720016,335,"Charter","black",113910,"NSEO",NA,NA,NA,NA,142,8,18
180873,"ELFIN_COVE",2022,2022-08-18,17,1,"F",720015,385,"Charter","black",113910,"NSEO",NA,NA,NA,NA,142,8,18
180872,"ELFIN_COVE",2022,2022-08-18,17,1,"M",720014,360,"Charter","black",113910,"NSEO",NA,NA,NA,NA,142,8,18
180871,"ELFIN_COVE",2022,2022-08-18,17,1,"F",720013,365,"Charter","black",113910,"NSEO",NA,NA,NA,NA,142,8,18
180870,"ELFIN_COVE",2022,2022-08-18,17,1,"M",720012,355,"Charter","black",113910,"NSEO",NA,NA,NA,NA,142,8,18
180869,"ELFIN_COVE",2022,2022-08-18,17,1,"F",720011,505,"Charter","black",113910,"NSEO",NA,NA,NA,NA,142,8,18
180868,"ELFIN_COVE",2022,2022-08-18,17,1,"M",720010,335,"Charter","black",113910,"NSEO",NA,NA,NA,NA,142,8,18
180867,"ELFIN_COVE",2022,2022-08-18,17,1,"M",720009,415,"Charter","black",113910,"NSEO",NA,NA,NA,NA,142,8,18
180866,"ELFIN_COVE",2022,2022-08-18,17,1,"M",720008,495,"Charter","black",113910,"NSEO",NA,NA,NA,NA,142,8,18
180865,"ELFIN_COVE",2022,2022-08-18,17,1,"M",720007,410,"Charter","black",113910,"NSEO",NA,NA,NA,NA,142,8,18
180864,"ELFIN_COVE",2022,2022-08-18,17,1,"M",720006,335,"Charter","black",113910,"NSEO",NA,NA,NA,NA,142,8,18
180863,"ELFIN_COVE",2022,2022-08-18,17,1,"M",720005,405,"Charter","black",113910,"NSEO",NA,NA,NA,NA,142,8,18
180862,"ELFIN_COVE",2022,2022-08-18,17,1,"M",720004,545,"Charter","black",113910,"NSEO",NA,NA,NA,NA,142,8,18
180861,"ELFIN_COVE",2022,2022-08-18,17,1,"M",720003,355,"Charter","black",113910,"NSEO",NA,NA,NA,NA,142,8,18
181083,"ELFIN_COVE",2022,2022-08-19,17,0,"F",720026,415,"Charter","black",116110,"NSEO",NA,NA,NA,NA,142,8,19
181082,"ELFIN_COVE",2022,2022-08-19,17,0,"F",720025,475,"Charter","black",116110,"NSEO",NA,NA,NA,NA,142,8,19
181081,"ELFIN_COVE",2022,2022-08-19,17,0,"M",720024,450,"Charter","black",116110,"NSEO",NA,NA,NA,NA,142,8,19
181080,"ELFIN_COVE",2022,2022-08-19,17,0,"M",720023,475,"Charter","black",116110,"NSEO",NA,NA,NA,NA,142,8,19
181079,"ELFIN_COVE",2022,2022-08-19,17,0,"M",720022,545,"Charter","black",116110,"NSEO",NA,NA,NA,NA,142,8,19
181078,"ELFIN_COVE",2022,2022-08-19,17,0,"M",720021,525,"Charter","black",116110,"NSEO",NA,NA,NA,NA,142,8,19
181077,"ELFIN_COVE",2022,2022-08-19,17,0,"M",720020,490,"Charter","black",116110,"NSEO",NA,NA,NA,NA,142,8,19
181076,"ELFIN_COVE",2022,2022-08-19,17,0,"M",720019,480,"Charter","black",116110,"NSEO",NA,NA,NA,NA,142,8,19
181075,"ELFIN_COVE",2022,2022-08-19,17,0,"M",720018,410,"Charter","black",116110,"NSEO",NA,NA,NA,NA,142,8,19
172788,"KETCHIKAN",2022,2022-07-28,15,21,"F",120056,460,"Private","black",101411,"SSEI",NA,NA,NA,NA,142,7,28
172787,"KETCHIKAN",2022,2022-07-28,15,21,"F",120188,480,"Private","black",101411,"SSEI",NA,NA,NA,NA,142,7,28
175402,"KETCHIKAN",2022,2022-08-03,16,21,"M",120228,450,"Private","black",102100,"SSEI",NA,NA,NA,NA,142,8,3
175401,"KETCHIKAN",2022,2022-08-03,16,21,"F",120229,460,"Private","black",102100,"SSEI",NA,NA,NA,NA,142,8,3
175400,"KETCHIKAN",2022,2022-08-03,16,21,"F",120230,490,"Private","black",102100,"SSEI",NA,NA,NA,NA,142,8,3
175399,"KETCHIKAN",2022,2022-08-03,16,21,"M",120231,510,"Private","black",102100,"SSEI",NA,NA,NA,NA,142,8,3
175398,"KETCHIKAN",2022,2022-08-03,16,21,"F",120018,480,"Private","black",102100,"SSEI",NA,NA,NA,NA,142,8,3
175397,"KETCHIKAN",2022,2022-08-03,16,21,"F",120227,470,"Private","black",102100,"SSEI",NA,NA,NA,NA,142,8,3
175396,"KETCHIKAN",2022,2022-08-03,16,21,"M",120017,510,"Private","black",102100,"SSEI",NA,NA,NA,NA,142,8,3
175395,"KETCHIKAN",2022,2022-08-03,16,21,"M",120016,420,"Private","black",102100,"SSEI",NA,NA,NA,NA,142,8,3
175394,"KETCHIKAN",2022,2022-08-03,16,21,"F",120020,390,"Private","black",102100,"SSEI",NA,NA,NA,NA,142,8,3
175393,"KETCHIKAN",2022,2022-08-03,16,21,"F",120019,450,"Private","black",102100,"SSEI",NA,NA,NA,NA,142,8,3
175392,"KETCHIKAN",2022,2022-08-03,16,21,"M",120021,540,"Private","black",102100,"SSEI",NA,NA,NA,NA,142,8,3
175391,"KETCHIKAN",2022,2022-08-03,16,21,"F",120022,470,"Private","black",102100,"SSEI",NA,NA,NA,NA,142,8,3
175390,"KETCHIKAN",2022,2022-08-03,16,21,"M",120023,560,"Private","black",102100,"SSEI",NA,NA,NA,NA,142,8,3
175389,"KETCHIKAN",2022,2022-08-03,16,21,"M",120191,440,"Private","black",102100,"SSEI",NA,NA,NA,NA,142,8,3
174859,"KETCHIKAN",2022,2022-08-04,16,21,"F",120186,450,"Private","black",102100,"SSEI",NA,NA,NA,NA,142,8,4
174858,"KETCHIKAN",2022,2022-08-04,16,21,"F",120185,470,"Private","black",102100,"SSEI",NA,NA,NA,NA,142,8,4
174857,"KETCHIKAN",2022,2022-08-04,16,21,"F",120167,420,"Private","black",102100,"SSEI",NA,NA,NA,NA,142,8,4
174856,"KETCHIKAN",2022,2022-08-04,16,21,"M",120183,470,"Private","black",102100,"SSEI",NA,NA,NA,NA,142,8,4
174855,"KETCHIKAN",2022,2022-08-04,16,21,"M",120182,495,"Private","black",102100,"SSEI",NA,NA,NA,NA,142,8,4
174854,"KETCHIKAN",2022,2022-08-04,16,21,"F",120170,460,"Private","black",102100,"SSEI",NA,NA,NA,NA,142,8,4
174853,"KETCHIKAN",2022,2022-08-04,16,21,"F",120169,500,"Private","black",102100,"SSEI",NA,NA,NA,NA,142,8,4
174852,"KETCHIKAN",2022,2022-08-04,16,21,"M",120054,500,"Private","black",102100,"SSEI",NA,NA,NA,NA,142,8,4
174851,"KETCHIKAN",2022,2022-08-04,16,21,"M",120055,555,"Private","black",102100,"SSEI",NA,NA,NA,NA,142,8,4
174850,"KETCHIKAN",2022,2022-08-04,16,21,"F",120081,490,"Private","black",102100,"SSEI",NA,NA,NA,NA,142,8,4
162529,"KETCHIKAN",2022,2022-06-21,13,21,"M",120008,400,"Charter","black",102100,"SSEI",NA,NA,NA,NA,142,6,21
162528,"KETCHIKAN",2022,2022-06-21,13,21,"M",120009,440,"Charter","black",102100,"SSEI",NA,NA,NA,NA,142,6,21
162575,"KETCHIKAN",2022,2022-06-21,13,21,"M",120073,390,"Charter","black",102100,"SSEI",NA,NA,NA,NA,142,6,21
162571,"KETCHIKAN",2022,2022-06-21,13,21,"F",120012,410,"Charter","black",102100,"SSEI",NA,NA,NA,NA,142,6,21
162569,"KETCHIKAN",2022,2022-06-21,13,21,"F",120011,400,"Charter","black",102100,"SSEI",NA,NA,NA,NA,142,6,21
162568,"KETCHIKAN",2022,2022-06-21,13,21,"M",120010,410,"Charter","black",102100,"SSEI",NA,NA,NA,NA,142,6,21
166789,"KETCHIKAN",2022,2022-07-06,14,0,"M",120064,510,"Charter","black",102100,"SSEI",NA,NA,NA,NA,142,7,6
166788,"KETCHIKAN",2022,2022-07-06,14,0,"M",120065,NA,"Charter","black",102100,"SSEI",NA,NA,NA,NA,142,7,6
166787,"KETCHIKAN",2022,2022-07-06,14,0,"",120066,465,"Charter","black",102100,"SSEI",NA,NA,NA,NA,142,7,6
166786,"KETCHIKAN",2022,2022-07-06,14,0,"M",120067,530,"Charter","black",102100,"SSEI",NA,NA,NA,NA,142,7,6
166785,"KETCHIKAN",2022,2022-07-06,14,0,"M",120068,450,"Charter","black",102100,"SSEI",NA,NA,NA,NA,142,7,6
166784,"KETCHIKAN",2022,2022-07-06,14,0,"F",120071,480,"Charter","black",102100,"SSEI",NA,NA,NA,NA,142,7,6
166782,"KETCHIKAN",2022,2022-07-06,14,0,"M",120070,460,"Charter","black",102100,"SSEI",NA,NA,NA,NA,142,7,6
166781,"KETCHIKAN",2022,2022-07-06,14,0,"M",120072,460,"Charter","black",102100,"SSEI",NA,NA,NA,NA,142,7,6
166799,"KETCHIKAN",2022,2022-07-06,14,0,"F",120035,450,"Charter","black",101230,"SSEI",NA,NA,NA,NA,142,7,6
166800,"KETCHIKAN",2022,2022-07-06,14,0,"M",120034,510,"Charter","black",101230,"SSEI",NA,NA,NA,NA,142,7,6
166798,"KETCHIKAN",2022,2022-07-06,14,0,"F",120033,470,"Charter","black",101230,"SSEI",NA,NA,NA,NA,142,7,6
166803,"KETCHIKAN",2022,2022-07-06,14,0,"M",120037,490,"Charter","black",101230,"SSEI",NA,NA,NA,NA,142,7,6
166802,"KETCHIKAN",2022,2022-07-06,14,0,"M",120036,440,"Charter","black",101230,"SSEI",NA,NA,NA,NA,142,7,6
166879,"KETCHIKAN",2022,2022-07-06,14,21,"F",120080,460,"Charter","black",102100,"SSEI",NA,NA,NA,NA,142,7,6
167368,"KETCHIKAN",2022,2022-07-08,14,21,"",120062,500,"Charter","black",102100,"SSEI",NA,NA,NA,NA,142,7,8
167366,"KETCHIKAN",2022,2022-07-08,14,21,"M",120038,450,"Charter","black",102100,"SSEI",NA,NA,NA,NA,142,7,8
167367,"KETCHIKAN",2022,2022-07-08,14,21,"M",120063,420,"Charter","black",102100,"SSEI",NA,NA,NA,NA,142,7,8
167376,"KETCHIKAN",2022,2022-07-08,14,21,"M",120040,520,"Charter","black",102100,"SSEI",NA,NA,NA,NA,142,7,8
167378,"KETCHIKAN",2022,2022-07-08,14,21,"F",120042,520,"Charter","black",102100,"SSEI",NA,NA,NA,NA,142,7,8
167377,"KETCHIKAN",2022,2022-07-08,14,21,"M",120041,450,"Charter","black",102100,"SSEI",NA,NA,NA,NA,142,7,8
167379,"KETCHIKAN",2022,2022-07-08,14,21,"F",120043,370,"Charter","black",102100,"SSEI",NA,NA,NA,NA,142,7,8
167375,"KETCHIKAN",2022,2022-07-08,14,21,"F",120039,450,"Charter","black",102100,"SSEI",NA,NA,NA,NA,142,7,8
167389,"KETCHIKAN",2022,2022-07-08,14,21,"F",120050,400,"Charter","black",102100,"SSEI",NA,NA,NA,NA,142,7,8
167388,"KETCHIKAN",2022,2022-07-08,14,21,"F",120049,470,"Charter","black",102100,"SSEI",NA,NA,NA,NA,142,7,8
167383,"KETCHIKAN",2022,2022-07-08,14,21,"F",120044,470,"Charter","black",102100,"SSEI",NA,NA,NA,NA,142,7,8
167385,"KETCHIKAN",2022,2022-07-08,14,21,"M",120046,420,"Charter","black",102100,"SSEI",NA,NA,NA,NA,142,7,8
167384,"KETCHIKAN",2022,2022-07-08,14,21,"M",120045,500,"Charter","black",102100,"SSEI",NA,NA,NA,NA,142,7,8
167386,"KETCHIKAN",2022,2022-07-08,14,21,"",120047,400,"Charter","black",102100,"SSEI",NA,NA,NA,NA,142,7,8
167387,"KETCHIKAN",2022,2022-07-08,14,21,"M",120048,540,"Charter","black",102100,"SSEI",NA,NA,NA,NA,142,7,8
167561,"KETCHIKAN",2022,2022-07-09,14,21,"F",120076,590,"Charter","black",102100,"SSEI",NA,NA,NA,NA,142,7,9
167558,"KETCHIKAN",2022,2022-07-09,14,21,"M",120074,440,"Charter","black",102100,"SSEI",NA,NA,NA,NA,142,7,9
167560,"KETCHIKAN",2022,2022-07-09,14,21,"F",120075,460,"Charter","black",102100,"SSEI",NA,NA,NA,NA,142,7,9
167570,"KETCHIKAN",2022,2022-07-09,14,21,"F",120078,510,"Charter","black",102100,"SSEI",NA,NA,NA,NA,142,7,9
167569,"KETCHIKAN",2022,2022-07-09,14,21,"",120077,440,"Charter","black",102100,"SSEI",NA,NA,NA,NA,142,7,9
167571,"KETCHIKAN",2022,2022-07-09,14,21,"M",120079,400,"Charter","black",102100,"SSEI",NA,NA,NA,NA,142,7,9
168632,"KETCHIKAN",2022,2022-07-12,14,21,"M",120117,550,"Charter","black",102100,"SSEI",NA,NA,NA,NA,142,7,12
168629,"KETCHIKAN",2022,2022-07-12,14,21,"M",120085,490,"Charter","black",102100,"SSEI",NA,NA,NA,NA,142,7,12
168631,"KETCHIKAN",2022,2022-07-12,14,21,"",120087,460,"Charter","black",102100,"SSEI",NA,NA,NA,NA,142,7,12
168630,"KETCHIKAN",2022,2022-07-12,14,21,"F",120086,450,"Charter","black",102100,"SSEI",NA,NA,NA,NA,142,7,12
168804,"KETCHIKAN",2022,2022-07-13,14,0,"M",120111,540,"Charter","black",102100,"SSEI",NA,NA,NA,NA,142,7,13
168806,"KETCHIKAN",2022,2022-07-13,14,0,"F",120109,450,"Charter","black",102100,"SSEI",NA,NA,NA,NA,142,7,13
168802,"KETCHIKAN",2022,2022-07-13,14,0,"F",120113,420,"Charter","black",102100,"SSEI",NA,NA,NA,NA,142,7,13
168803,"KETCHIKAN",2022,2022-07-13,14,0,"F",120112,460,"Charter","black",102100,"SSEI",NA,NA,NA,NA,142,7,13
168801,"KETCHIKAN",2022,2022-07-13,14,0,"M",120114,540,"Charter","black",102100,"SSEI",NA,NA,NA,NA,142,7,13
168805,"KETCHIKAN",2022,2022-07-13,14,0,"F",120110,420,"Charter","black",102100,"SSEI",NA,NA,NA,NA,142,7,13
168800,"KETCHIKAN",2022,2022-07-13,14,0,"",120116,450,"Charter","black",102100,"SSEI",NA,NA,NA,NA,142,7,13
168799,"KETCHIKAN",2022,2022-07-13,14,0,"",120115,500,"Charter","black",102100,"SSEI",NA,NA,NA,NA,142,7,13
169991,"KETCHIKAN",2022,2022-07-16,14,21,"F",120088,440,"Charter","black",102100,"SSEI",NA,NA,NA,NA,142,7,16
169990,"KETCHIKAN",2022,2022-07-16,14,21,"M",120095,440,"Charter","black",102100,"SSEI",NA,NA,NA,NA,142,7,16
169989,"KETCHIKAN",2022,2022-07-16,14,21,"M",120103,510,"Charter","black",102100,"SSEI",NA,NA,NA,NA,142,7,16
169988,"KETCHIKAN",2022,2022-07-16,14,21,"F",120102,460,"Charter","black",102100,"SSEI",NA,NA,NA,NA,142,7,16
169987,"KETCHIKAN",2022,2022-07-16,14,21,"M",120101,470,"Charter","black",102100,"SSEI",NA,NA,NA,NA,142,7,16
169986,"KETCHIKAN",2022,2022-07-16,14,21,"M",120100,480,"Charter","black",102100,"SSEI",NA,NA,NA,NA,142,7,16
169985,"KETCHIKAN",2022,2022-07-16,14,21,"M",120096,470,"Charter","black",102100,"SSEI",NA,NA,NA,NA,142,7,16
169982,"KETCHIKAN",2022,2022-07-16,14,21,"M",120097,420,"Charter","black",102100,"SSEI",NA,NA,NA,NA,142,7,16
170002,"KETCHIKAN",2022,2022-07-16,14,21,"",120098,550,"Charter","black",102100,"SSEI",NA,NA,NA,NA,142,7,16
170712,"KETCHIKAN",2022,2022-07-19,15,21,"M",120029,440,"Charter","black",102100,"SSEI",NA,NA,NA,NA,142,7,19
170711,"KETCHIKAN",2022,2022-07-19,15,21,"",120030,430,"Charter","black",102100,"SSEI",NA,NA,NA,NA,142,7,19
170710,"KETCHIKAN",2022,2022-07-19,15,21,"M",120031,460,"Charter","black",102100,"SSEI",NA,NA,NA,NA,142,7,19
170709,"KETCHIKAN",2022,2022-07-19,15,21,"M",120032,490,"Charter","black",102100,"SSEI",NA,NA,NA,NA,142,7,19
170736,"KETCHIKAN",2022,2022-07-19,15,21,"M",120013,510,"Charter","black",102100,"SSEI",NA,NA,NA,NA,142,7,19
171040,"KETCHIKAN",2022,2022-07-21,15,21,"F",120151,470,"Charter","black",102100,"SSEI",NA,NA,NA,NA,142,7,21
171039,"KETCHIKAN",2022,2022-07-21,15,21,"F",120153,430,"Charter","black",102100,"SSEI",NA,NA,NA,NA,142,7,21
171038,"KETCHIKAN",2022,2022-07-21,15,21,"",120154,455,"Charter","black",102100,"SSEI",NA,NA,NA,NA,142,7,21
171037,"KETCHIKAN",2022,2022-07-21,15,21,"",120155,480,"Charter","black",102100,"SSEI",NA,NA,NA,NA,142,7,21
171036,"KETCHIKAN",2022,2022-07-21,15,21,"M",120156,490,"Charter","black",102100,"SSEI",NA,NA,NA,NA,142,7,21
171035,"KETCHIKAN",2022,2022-07-21,15,21,"",120157,470,"Charter","black",102100,"SSEI",NA,NA,NA,NA,142,7,21
171033,"KETCHIKAN",2022,2022-07-21,15,21,"F",120052,470,"Charter","black",102100,"SSEI",NA,NA,NA,NA,142,7,21
171970,"KETCHIKAN",2022,2022-07-23,15,0,"F",120059,390,"Charter","black",102100,"SSEI",NA,NA,NA,NA,142,7,23
171969,"KETCHIKAN",2022,2022-07-23,15,0,"F",120144,320,"Charter","black",102100,"SSEI",NA,NA,NA,NA,142,7,23
171968,"KETCHIKAN",2022,2022-07-23,15,0,"F",120061,450,"Charter","black",102100,"SSEI",NA,NA,NA,NA,142,7,23
171967,"KETCHIKAN",2022,2022-07-23,15,0,"M",120140,420,"Charter","black",102100,"SSEI",NA,NA,NA,NA,142,7,23
171966,"KETCHIKAN",2022,2022-07-23,15,0,"M",120057,400,"Charter","black",102100,"SSEI",NA,NA,NA,NA,142,7,23
171965,"KETCHIKAN",2022,2022-07-23,15,0,"F",120058,370,"Charter","black",102100,"SSEI",NA,NA,NA,NA,142,7,23
171964,"KETCHIKAN",2022,2022-07-23,15,0,"F",120139,420,"Charter","black",102100,"SSEI",NA,NA,NA,NA,142,7,23
171963,"KETCHIKAN",2022,2022-07-23,15,0,"M",120147,450,"Charter","black",102100,"SSEI",NA,NA,NA,NA,142,7,23
171962,"KETCHIKAN",2022,2022-07-23,15,0,"F",120060,415,"Charter","black",102100,"SSEI",NA,NA,NA,NA,142,7,23
171961,"KETCHIKAN",2022,2022-07-23,15,0,"M",120145,420,"Charter","black",102100,"SSEI",NA,NA,NA,NA,142,7,23
171960,"KETCHIKAN",2022,2022-07-23,15,0,"F",120143,330,"Charter","black",102100,"SSEI",NA,NA,NA,NA,142,7,23
171959,"KETCHIKAN",2022,2022-07-23,15,0,"F",120142,385,"Charter","black",102100,"SSEI",NA,NA,NA,NA,142,7,23
171958,"KETCHIKAN",2022,2022-07-23,15,0,"M",120146,520,"Charter","black",102100,"SSEI",NA,NA,NA,NA,142,7,23
171957,"KETCHIKAN",2022,2022-07-23,15,0,"F",120141,495,"Charter","black",102100,"SSEI",NA,NA,NA,NA,142,7,23
171956,"KETCHIKAN",2022,2022-07-23,15,0,"F",120053,470,"Charter","black",102100,"SSEI",NA,NA,NA,NA,142,7,23
171955,"KETCHIKAN",2022,2022-07-23,15,0,"F",120150,460,"Charter","black",102100,"SSEI",NA,NA,NA,NA,142,7,23
171954,"KETCHIKAN",2022,2022-07-23,15,0,"F",120149,445,"Charter","black",102100,"SSEI",NA,NA,NA,NA,142,7,23
171844,"KETCHIKAN",2022,2022-07-23,15,21,"M",120014,460,"Charter","black",102100,"SSEI",NA,NA,NA,NA,142,7,23
171670,"KETCHIKAN",2022,2022-07-24,15,0,"M",120015,500,"Charter","black",102100,"SSEI",NA,NA,NA,NA,142,7,24
171668,"KETCHIKAN",2022,2022-07-24,15,0,"M",120028,470,"Charter","black",102100,"SSEI",NA,NA,NA,NA,142,7,24
172045,"KETCHIKAN",2022,2022-07-24,15,21,"F",120051,450,"Charter","black",102501,"SSEI",NA,NA,NA,NA,142,7,24
172342,"KETCHIKAN",2022,2022-07-26,15,21,"M",120108,460,"Charter","black",102100,"SSEI",NA,NA,NA,NA,142,7,26
172339,"KETCHIKAN",2022,2022-07-26,15,21,"M",120089,440,"Charter","black",102100,"SSEI",NA,NA,NA,NA,142,7,26
172338,"KETCHIKAN",2022,2022-07-26,15,21,"M",120107,480,"Charter","black",102100,"SSEI",NA,NA,NA,NA,142,7,26
172336,"KETCHIKAN",2022,2022-07-26,15,21,"M",120099,430,"Charter","black",102100,"SSEI",NA,NA,NA,NA,142,7,26
172335,"KETCHIKAN",2022,2022-07-26,15,21,"M",120094,450,"Charter","black",102100,"SSEI",NA,NA,NA,NA,142,7,26
172334,"KETCHIKAN",2022,2022-07-26,15,21,"F",120093,450,"Charter","black",102100,"SSEI",NA,NA,NA,NA,142,7,26
172333,"KETCHIKAN",2022,2022-07-26,15,21,"F",120092,430,"Charter","black",102100,"SSEI",NA,NA,NA,NA,142,7,26
172352,"KETCHIKAN",2022,2022-07-26,15,21,"F",120091,460,"Charter","black",102100,"SSEI",NA,NA,NA,NA,142,7,26
172351,"KETCHIKAN",2022,2022-07-26,15,21,"M",120090,520,"Charter","black",102100,"SSEI",NA,NA,NA,NA,142,7,26
172464,"KETCHIKAN",2022,2022-07-27,15,0,"F",120025,510,"Charter","black",102100,"SSEI",NA,NA,NA,NA,142,7,27
172463,"KETCHIKAN",2022,2022-07-27,15,0,"M",120026,450,"Charter","black",102100,"SSEI",NA,NA,NA,NA,142,7,27
172462,"KETCHIKAN",2022,2022-07-27,15,0,"M",120106,480,"Charter","black",102100,"SSEI",NA,NA,NA,NA,142,7,27
172461,"KETCHIKAN",2022,2022-07-27,15,0,"F",120105,430,"Charter","black",102100,"SSEI",NA,NA,NA,NA,142,7,27
172458,"KETCHIKAN",2022,2022-07-27,15,0,"F",120104,470,"Charter","black",102100,"SSEI",NA,NA,NA,NA,142,7,27
172798,"KETCHIKAN",2022,2022-07-28,15,21,"F",120159,455,"Charter","black",102100,"SSEI",NA,NA,NA,NA,142,7,28
172797,"KETCHIKAN",2022,2022-07-28,15,21,"",120158,480,"Charter","black",102100,"SSEI",NA,NA,NA,NA,142,7,28
172821,"KETCHIKAN",2022,2022-07-28,15,21,"",120163,470,"Charter","black",102100,"SSEI",NA,NA,NA,NA,142,7,28
172820,"KETCHIKAN",2022,2022-07-28,15,21,"F",120162,420,"Charter","black",102100,"SSEI",NA,NA,NA,NA,142,7,28
172819,"KETCHIKAN",2022,2022-07-28,15,21,"M",120161,520,"Charter","black",102100,"SSEI",NA,NA,NA,NA,142,7,28
172818,"KETCHIKAN",2022,2022-07-28,15,21,"M",120160,500,"Charter","black",102100,"SSEI",NA,NA,NA,NA,142,7,28
172817,"KETCHIKAN",2022,2022-07-28,15,21,"M",120189,480,"Charter","black",102100,"SSEI",NA,NA,NA,NA,142,7,28
172816,"KETCHIKAN",2022,2022-07-28,15,21,"F",120184,470,"Charter","black",102100,"SSEI",NA,NA,NA,NA,142,7,28
173455,"KETCHIKAN",2022,2022-07-29,15,4,"F",120166,440,"Charter","black",101210,"SSEI",NA,NA,NA,NA,142,7,29
173454,"KETCHIKAN",2022,2022-07-29,15,4,"F",120165,390,"Charter","black",101210,"SSEI",NA,NA,NA,NA,142,7,29
173453,"KETCHIKAN",2022,2022-07-29,15,4,"M",120164,440,"Charter","black",101210,"SSEI",NA,NA,NA,NA,142,7,29
173114,"KETCHIKAN",2022,2022-07-31,15,21,"M",120024,460,"Charter","black",102200,"SSEI",NA,NA,NA,NA,142,7,31
174337,"KETCHIKAN",2022,2022-08-02,16,21,"M",120190,500,"Charter","black",101210,"SSEI",NA,NA,NA,NA,142,8,2
174629,"KETCHIKAN",2022,2022-08-03,16,0,"F",120083,360,"Charter","black",101210,"SSEI",NA,NA,NA,NA,142,8,3
175623,"KETCHIKAN",2022,2022-08-05,16,21,"F",120173,485,"Charter","black",102801,"SSEI",NA,NA,NA,NA,142,8,5
175622,"KETCHIKAN",2022,2022-08-05,16,21,"M",120172,590,"Charter","black",102801,"SSEI",NA,NA,NA,NA,142,8,5
175621,"KETCHIKAN",2022,2022-08-05,16,21,"F",120171,475,"Charter","black",102801,"SSEI",NA,NA,NA,NA,142,8,5
175620,"KETCHIKAN",2022,2022-08-05,16,21,"F",120152,480,"Charter","black",102801,"SSEI",NA,NA,NA,NA,142,8,5
175619,"KETCHIKAN",2022,2022-08-05,16,21,"F",120168,460,"Charter","black",102801,"SSEI",NA,NA,NA,NA,142,8,5
175628,"KETCHIKAN",2022,2022-08-05,16,21,"F",120240,430,"Charter","black",102501,"SSEI",NA,NA,NA,NA,142,8,5
175627,"KETCHIKAN",2022,2022-08-05,16,21,"F",120187,455,"Charter","black",102501,"SSEI",NA,NA,NA,NA,142,8,5
175626,"KETCHIKAN",2022,2022-08-05,16,21,"F",120148,460,"Charter","black",102501,"SSEI",NA,NA,NA,NA,142,8,5
175625,"KETCHIKAN",2022,2022-08-05,16,21,"M",120082,480,"Charter","black",102501,"SSEI",NA,NA,NA,NA,142,8,5
175624,"KETCHIKAN",2022,2022-08-05,16,21,"M",120181,510,"Charter","black",102501,"SSEI",NA,NA,NA,NA,142,8,5
175631,"KETCHIKAN",2022,2022-08-05,16,21,"F",120176,400,"Charter","black",102100,"SSEI",NA,NA,NA,NA,142,8,5
175630,"KETCHIKAN",2022,2022-08-05,16,21,"F",120175,525,"Charter","black",102100,"SSEI",NA,NA,NA,NA,142,8,5
175629,"KETCHIKAN",2022,2022-08-05,16,21,"M",120174,450,"Charter","black",102100,"SSEI",NA,NA,NA,NA,142,8,5
175634,"KETCHIKAN",2022,2022-08-05,16,21,"F",120179,465,"Charter","black",101210,"SSEI",NA,NA,NA,NA,142,8,5
175633,"KETCHIKAN",2022,2022-08-05,16,21,"",120178,485,"Charter","black",101210,"SSEI",NA,NA,NA,NA,142,8,5
175632,"KETCHIKAN",2022,2022-08-05,16,21,"F",120177,465,"Charter","black",101210,"SSEI",NA,NA,NA,NA,142,8,5
175635,"KETCHIKAN",2022,2022-08-05,16,21,"F",120180,425,"Charter","black",101290,"SSEI",NA,NA,NA,NA,142,8,5
175538,"KETCHIKAN",2022,2022-08-06,16,21,"F",120224,510,"Charter","black",102501,"SSEI",NA,NA,NA,NA,142,8,6
175537,"KETCHIKAN",2022,2022-08-06,16,21,"M",120225,460,"Charter","black",102501,"SSEI",NA,NA,NA,NA,142,8,6
175536,"KETCHIKAN",2022,2022-08-06,16,21,"M",120226,450,"Charter","black",102501,"SSEI",NA,NA,NA,NA,142,8,6
175535,"KETCHIKAN",2022,2022-08-06,16,21,"M",120252,495,"Charter","black",102501,"SSEI",NA,NA,NA,NA,142,8,6
175223,"KETCHIKAN",2022,2022-08-07,16,0,"F",120193,380,"Charter","black",101250,"SSEI",NA,NA,NA,NA,142,8,7
175221,"KETCHIKAN",2022,2022-08-07,16,0,"F",120194,440,"Charter","black",101250,"SSEI",NA,NA,NA,NA,142,8,7
175220,"KETCHIKAN",2022,2022-08-07,16,0,"M",120218,480,"Charter","black",101250,"SSEI",NA,NA,NA,NA,142,8,7
175218,"KETCHIKAN",2022,2022-08-07,16,0,"F",120217,460,"Charter","black",101250,"SSEI",NA,NA,NA,NA,142,8,7
175217,"KETCHIKAN",2022,2022-08-07,16,0,"F",120216,400,"Charter","black",101250,"SSEI",NA,NA,NA,NA,142,8,7
175216,"KETCHIKAN",2022,2022-08-07,16,0,"F",120215,440,"Charter","black",101250,"SSEI",NA,NA,NA,NA,142,8,7
175144,"KETCHIKAN",2022,2022-08-07,16,21,"F",120212,440,"Charter","black",102501,"SSEI",NA,NA,NA,NA,142,8,7
175143,"KETCHIKAN",2022,2022-08-07,16,21,"",120211,470,"Charter","black",102501,"SSEI",NA,NA,NA,NA,142,8,7
175142,"KETCHIKAN",2022,2022-08-07,16,21,"M",120210,455,"Charter","black",102501,"SSEI",NA,NA,NA,NA,142,8,7
175141,"KETCHIKAN",2022,2022-08-07,16,21,"M",120209,440,"Charter","black",102501,"SSEI",NA,NA,NA,NA,142,8,7
175140,"KETCHIKAN",2022,2022-08-07,16,21,"F",120208,470,"Charter","black",102501,"SSEI",NA,NA,NA,NA,142,8,7
175139,"KETCHIKAN",2022,2022-08-07,16,21,"F",120203,465,"Charter","black",102501,"SSEI",NA,NA,NA,NA,142,8,7
175138,"KETCHIKAN",2022,2022-08-07,16,21,"F",120202,430,"Charter","black",102501,"SSEI",NA,NA,NA,NA,142,8,7
175137,"KETCHIKAN",2022,2022-08-07,16,21,"F",120201,455,"Charter","black",102501,"SSEI",NA,NA,NA,NA,142,8,7
175136,"KETCHIKAN",2022,2022-08-07,16,21,"F",120200,500,"Charter","black",102501,"SSEI",NA,NA,NA,NA,142,8,7
175135,"KETCHIKAN",2022,2022-08-07,16,21,"F",120199,430,"Charter","black",102501,"SSEI",NA,NA,NA,NA,142,8,7
175134,"KETCHIKAN",2022,2022-08-07,16,21,"M",120198,440,"Charter","black",102501,"SSEI",NA,NA,NA,NA,142,8,7
175133,"KETCHIKAN",2022,2022-08-07,16,21,"M",120197,450,"Charter","black",102501,"SSEI",NA,NA,NA,NA,142,8,7
175132,"KETCHIKAN",2022,2022-08-07,16,21,"F",120196,490,"Charter","black",102501,"SSEI",NA,NA,NA,NA,142,8,7
175131,"KETCHIKAN",2022,2022-08-07,16,21,"F",120195,470,"Charter","black",102501,"SSEI",NA,NA,NA,NA,142,8,7
175176,"KETCHIKAN",2022,2022-08-07,16,21,"",120207,465,"Charter","black",102501,"SSEI",NA,NA,NA,NA,142,8,7
175175,"KETCHIKAN",2022,2022-08-07,16,21,"",120206,465,"Charter","black",102501,"SSEI",NA,NA,NA,NA,142,8,7
175174,"KETCHIKAN",2022,2022-08-07,16,21,"F",120205,455,"Charter","black",102501,"SSEI",NA,NA,NA,NA,142,8,7
175173,"KETCHIKAN",2022,2022-08-07,16,21,"F",120204,500,"Charter","black",102501,"SSEI",NA,NA,NA,NA,142,8,7
176141,"KETCHIKAN",2022,2022-08-10,16,18,"F",120326,410,"Charter","black",102501,"SSEI",NA,NA,NA,NA,142,8,10
176139,"KETCHIKAN",2022,2022-08-10,16,18,"F",120324,490,"Charter","black",102501,"SSEI",NA,NA,NA,NA,142,8,10
176138,"KETCHIKAN",2022,2022-08-10,16,18,"",120323,450,"Charter","black",102501,"SSEI",NA,NA,NA,NA,142,8,10
176137,"KETCHIKAN",2022,2022-08-10,16,18,"",120322,480,"Charter","black",102501,"SSEI",NA,NA,NA,NA,142,8,10
176140,"KETCHIKAN",2022,2022-08-10,16,18,"",120325,445,"Charter","black",102501,"SSEI",NA,NA,NA,NA,142,8,10
176136,"KETCHIKAN",2022,2022-08-10,16,18,"",120321,450,"Charter","black",102501,"SSEI",NA,NA,NA,NA,142,8,10
176135,"KETCHIKAN",2022,2022-08-10,16,18,"F",120320,480,"Charter","black",102501,"SSEI",NA,NA,NA,NA,142,8,10
176134,"KETCHIKAN",2022,2022-08-10,16,18,"F",120319,485,"Charter","black",102501,"SSEI",NA,NA,NA,NA,142,8,10
176133,"KETCHIKAN",2022,2022-08-10,16,18,"F",120214,495,"Charter","black",102501,"SSEI",NA,NA,NA,NA,142,8,10
176132,"KETCHIKAN",2022,2022-08-10,16,18,"",120213,460,"Charter","black",102501,"SSEI",NA,NA,NA,NA,142,8,10
176131,"KETCHIKAN",2022,2022-08-10,16,18,"M",120312,590,"Charter","black",102501,"SSEI",NA,NA,NA,NA,142,8,10
176130,"KETCHIKAN",2022,2022-08-10,16,18,"F",120192,495,"Charter","black",102501,"SSEI",NA,NA,NA,NA,142,8,10
176129,"KETCHIKAN",2022,2022-08-10,16,18,"",120311,480,"Charter","black",102501,"SSEI",NA,NA,NA,NA,142,8,10
176128,"KETCHIKAN",2022,2022-08-10,16,18,"M",120310,430,"Charter","black",102501,"SSEI",NA,NA,NA,NA,142,8,10
176127,"KETCHIKAN",2022,2022-08-10,16,18,"M",120309,480,"Charter","black",102501,"SSEI",NA,NA,NA,NA,142,8,10
176126,"KETCHIKAN",2022,2022-08-10,16,18,"F",120308,480,"Charter","black",102501,"SSEI",NA,NA,NA,NA,142,8,10
176125,"KETCHIKAN",2022,2022-08-10,16,18,"",120307,490,"Charter","black",102501,"SSEI",NA,NA,NA,NA,142,8,10
176124,"KETCHIKAN",2022,2022-08-10,16,18,"F",120306,445,"Charter","black",102501,"SSEI",NA,NA,NA,NA,142,8,10
176123,"KETCHIKAN",2022,2022-08-10,16,18,"F",120305,455,"Charter","black",102501,"SSEI",NA,NA,NA,NA,142,8,10
176122,"KETCHIKAN",2022,2022-08-10,16,18,"M",120304,450,"Charter","black",102501,"SSEI",NA,NA,NA,NA,142,8,10
176279,"KETCHIKAN",2022,2022-08-11,16,21,"F",120274,490,"Charter","black",101290,"SSEI",NA,NA,NA,NA,142,8,11
176278,"KETCHIKAN",2022,2022-08-11,16,21,"F",120266,450,"Charter","black",101290,"SSEI",NA,NA,NA,NA,142,8,11
176276,"KETCHIKAN",2022,2022-08-11,16,21,"F",120265,450,"Charter","black",101290,"SSEI",NA,NA,NA,NA,142,8,11
176275,"KETCHIKAN",2022,2022-08-11,16,21,"F",120264,470,"Charter","black",101290,"SSEI",NA,NA,NA,NA,142,8,11
176297,"KETCHIKAN",2022,2022-08-11,16,21,"F",120273,430,"Charter","black",101850,"SSEI",NA,NA,NA,NA,142,8,11
176295,"KETCHIKAN",2022,2022-08-11,16,21,"M",120271,500,"Charter","black",101850,"SSEI",NA,NA,NA,NA,142,8,11
176294,"KETCHIKAN",2022,2022-08-11,16,21,"M",120270,580,"Charter","black",101850,"SSEI",NA,NA,NA,NA,142,8,11
176293,"KETCHIKAN",2022,2022-08-11,16,21,"F",120269,480,"Charter","black",101850,"SSEI",NA,NA,NA,NA,142,8,11
176296,"KETCHIKAN",2022,2022-08-11,16,21,"F",120272,420,"Charter","black",101850,"SSEI",NA,NA,NA,NA,142,8,11
176292,"KETCHIKAN",2022,2022-08-11,16,21,"M",120268,600,"Charter","black",101850,"SSEI",NA,NA,NA,NA,142,8,11
176291,"KETCHIKAN",2022,2022-08-11,16,21,"F",120267,400,"Charter","black",101850,"SSEI",NA,NA,NA,NA,142,8,11
176290,"KETCHIKAN",2022,2022-08-11,16,21,"M",120314,440,"Charter","black",101850,"SSEI",NA,NA,NA,NA,142,8,11
176289,"KETCHIKAN",2022,2022-08-11,16,21,"F",120313,470,"Charter","black",101850,"SSEI",NA,NA,NA,NA,142,8,11
176288,"KETCHIKAN",2022,2022-08-11,16,21,"F",120276,500,"Charter","black",101850,"SSEI",NA,NA,NA,NA,142,8,11
176287,"KETCHIKAN",2022,2022-08-11,16,21,"F",120261,500,"Charter","black",101850,"SSEI",NA,NA,NA,NA,142,8,11
176286,"KETCHIKAN",2022,2022-08-11,16,21,"F",120318,455,"Charter","black",101850,"SSEI",NA,NA,NA,NA,142,8,11
176285,"KETCHIKAN",2022,2022-08-11,16,21,"F",120317,480,"Charter","black",101850,"SSEI",NA,NA,NA,NA,142,8,11
176284,"KETCHIKAN",2022,2022-08-11,16,21,"M",120316,455,"Charter","black",101850,"SSEI",NA,NA,NA,NA,142,8,11
176283,"KETCHIKAN",2022,2022-08-11,16,21,"F",120315,410,"Charter","black",101850,"SSEI",NA,NA,NA,NA,142,8,11
176282,"KETCHIKAN",2022,2022-08-11,16,21,"F",120328,430,"Charter","black",101850,"SSEI",NA,NA,NA,NA,142,8,11
176281,"KETCHIKAN",2022,2022-08-11,16,21,"F",120327,430,"Charter","black",101850,"SSEI",NA,NA,NA,NA,142,8,11
176280,"KETCHIKAN",2022,2022-08-11,16,21,"F",120262,460,"Charter","black",101850,"SSEI",NA,NA,NA,NA,142,8,11
176608,"KETCHIKAN",2022,2022-08-12,16,21,"F",120285,490,"Charter","black",101411,"SSEI",NA,NA,NA,NA,142,8,12
176607,"KETCHIKAN",2022,2022-08-12,16,21,"F",120284,480,"Charter","black",101411,"SSEI",NA,NA,NA,NA,142,8,12
176606,"KETCHIKAN",2022,2022-08-12,16,21,"M",120283,490,"Charter","black",101411,"SSEI",NA,NA,NA,NA,142,8,12
176605,"KETCHIKAN",2022,2022-08-12,16,21,"F",120282,450,"Charter","black",101411,"SSEI",NA,NA,NA,NA,142,8,12
176604,"KETCHIKAN",2022,2022-08-12,16,21,"M",120281,480,"Charter","black",101411,"SSEI",NA,NA,NA,NA,142,8,12
176603,"KETCHIKAN",2022,2022-08-12,16,21,"F",120280,500,"Charter","black",101411,"SSEI",NA,NA,NA,NA,142,8,12
176602,"KETCHIKAN",2022,2022-08-12,16,21,"M",120279,440,"Charter","black",101411,"SSEI",NA,NA,NA,NA,142,8,12
176601,"KETCHIKAN",2022,2022-08-12,16,21,"F",120278,480,"Charter","black",101411,"SSEI",NA,NA,NA,NA,142,8,12
176600,"KETCHIKAN",2022,2022-08-12,16,21,"F",120277,470,"Charter","black",101411,"SSEI",NA,NA,NA,NA,142,8,12
176839,"KETCHIKAN",2022,2022-08-13,16,0,"F",120237,420,"Charter","black",101210,"SSEI",NA,NA,NA,NA,142,8,13
176806,"KETCHIKAN",2022,2022-08-14,16,0,"M",120250,460,"Charter","black",101250,"SSEI",NA,NA,NA,NA,142,8,14
176805,"KETCHIKAN",2022,2022-08-14,16,0,"M",120249,480,"Charter","black",101250,"SSEI",NA,NA,NA,NA,142,8,14
176804,"KETCHIKAN",2022,2022-08-14,16,0,"M",120251,400,"Charter","black",101250,"SSEI",NA,NA,NA,NA,142,8,14
176803,"KETCHIKAN",2022,2022-08-14,16,0,"F",120219,390,"Charter","black",101250,"SSEI",NA,NA,NA,NA,142,8,14
177028,"KETCHIKAN",2022,2022-08-14,16,18,"M",120291,465,"Charter","black",102501,"SSEI",NA,NA,NA,NA,142,8,14
177027,"KETCHIKAN",2022,2022-08-14,16,18,"F",120290,495,"Charter","black",102501,"SSEI",NA,NA,NA,NA,142,8,14
177026,"KETCHIKAN",2022,2022-08-14,16,18,"F",120289,485,"Charter","black",102501,"SSEI",NA,NA,NA,NA,142,8,14
177025,"KETCHIKAN",2022,2022-08-14,16,18,"M",120288,500,"Charter","black",102501,"SSEI",NA,NA,NA,NA,142,8,14
177024,"KETCHIKAN",2022,2022-08-14,16,18,"M",120287,440,"Charter","black",102501,"SSEI",NA,NA,NA,NA,142,8,14
177023,"KETCHIKAN",2022,2022-08-14,16,18,"F",120286,450,"Charter","black",102501,"SSEI",NA,NA,NA,NA,142,8,14
178199,"KETCHIKAN",2022,2022-08-18,17,21,"M",120118,380,"Charter","black",101210,"SSEI",NA,NA,NA,NA,142,8,18
178198,"KETCHIKAN",2022,2022-08-18,17,21,"F",120084,440,"Charter","black",101210,"SSEI",NA,NA,NA,NA,142,8,18
178406,"KETCHIKAN",2022,2022-08-19,17,21,"M",120121,470,"Charter","black",102100,"SSEI",NA,NA,NA,NA,142,8,19
178405,"KETCHIKAN",2022,2022-08-19,17,21,"F",120120,470,"Charter","black",102100,"SSEI",NA,NA,NA,NA,142,8,19
178404,"KETCHIKAN",2022,2022-08-19,17,21,"F",120119,410,"Charter","black",102100,"SSEI",NA,NA,NA,NA,142,8,19
178409,"KETCHIKAN",2022,2022-08-19,17,21,"",120124,460,"Charter","black",102100,"SSEI",NA,NA,NA,NA,142,8,19
178407,"KETCHIKAN",2022,2022-08-19,17,21,"F",120122,405,"Charter","black",102100,"SSEI",NA,NA,NA,NA,142,8,19
178408,"KETCHIKAN",2022,2022-08-19,17,21,"F",120123,400,"Charter","black",102100,"SSEI",NA,NA,NA,NA,142,8,19
178421,"KETCHIKAN",2022,2022-08-20,17,21,"F",120128,450,"Charter","black",102100,"SSEI",NA,NA,NA,NA,142,8,20
178422,"KETCHIKAN",2022,2022-08-20,17,21,"M",120129,430,"Charter","black",102100,"SSEI",NA,NA,NA,NA,142,8,20
178420,"KETCHIKAN",2022,2022-08-20,17,21,"F",120127,445,"Charter","black",102100,"SSEI",NA,NA,NA,NA,142,8,20
178419,"KETCHIKAN",2022,2022-08-20,17,21,"F",120126,440,"Charter","black",102100,"SSEI",NA,NA,NA,NA,142,8,20
178418,"KETCHIKAN",2022,2022-08-20,17,21,"F",120125,440,"Charter","black",102100,"SSEI",NA,NA,NA,NA,142,8,20
178436,"KETCHIKAN",2022,2022-08-20,17,21,"",120245,480,"Charter","black",102501,"SSEI",NA,NA,NA,NA,142,8,20
178428,"KETCHIKAN",2022,2022-08-20,17,21,"F",120135,450,"Charter","black",102501,"SSEI",NA,NA,NA,NA,142,8,20
178434,"KETCHIKAN",2022,2022-08-20,17,21,"F",120244,475,"Charter","black",102501,"SSEI",NA,NA,NA,NA,142,8,20
178433,"KETCHIKAN",2022,2022-08-20,17,21,"F",120243,435,"Charter","black",102501,"SSEI",NA,NA,NA,NA,142,8,20
178432,"KETCHIKAN",2022,2022-08-20,17,21,"F",120242,480,"Charter","black",102501,"SSEI",NA,NA,NA,NA,142,8,20
178431,"KETCHIKAN",2022,2022-08-20,17,21,"F",120138,430,"Charter","black",102501,"SSEI",NA,NA,NA,NA,142,8,20
178429,"KETCHIKAN",2022,2022-08-20,17,21,"F",120136,455,"Charter","black",102501,"SSEI",NA,NA,NA,NA,142,8,20
178430,"KETCHIKAN",2022,2022-08-20,17,21,"F",120137,420,"Charter","black",102501,"SSEI",NA,NA,NA,NA,142,8,20
178427,"KETCHIKAN",2022,2022-08-20,17,21,"M",120134,470,"Charter","black",102501,"SSEI",NA,NA,NA,NA,142,8,20
178426,"KETCHIKAN",2022,2022-08-20,17,21,"F",120133,515,"Charter","black",102501,"SSEI",NA,NA,NA,NA,142,8,20
178424,"KETCHIKAN",2022,2022-08-20,17,21,"F",120131,495,"Charter","black",102501,"SSEI",NA,NA,NA,NA,142,8,20
178425,"KETCHIKAN",2022,2022-08-20,17,21,"F",120132,440,"Charter","black",102501,"SSEI",NA,NA,NA,NA,142,8,20
178423,"KETCHIKAN",2022,2022-08-20,17,21,"F",120130,465,"Charter","black",102501,"SSEI",NA,NA,NA,NA,142,8,20
155860,"SITKA",2022,2022-04-29,9,5,"F",222003,435,"Private","black",113414,"CSEO",NA,NA,NA,NA,142,4,29
155859,"SITKA",2022,2022-04-29,9,5,"F",222002,365,"Private","black",113414,"CSEO",NA,NA,NA,NA,142,4,29
155858,"SITKA",2022,2022-04-29,9,5,"M",222001,470,"Private","black",113414,"CSEO",NA,NA,NA,NA,142,4,29
155861,"SITKA",2022,2022-04-29,9,5,"F",222004,390,"Private","black",113414,"CSEO",NA,NA,NA,NA,142,4,29
155862,"SITKA",2022,2022-04-29,9,5,"M",222005,370,"Private","black",113414,"CSEO",NA,NA,NA,NA,142,4,29
155952,"SITKA",2022,2022-05-06,9,5,"M",222006,380,"Private","black",113417,"CSEO",NA,NA,NA,NA,142,5,6
155995,"SITKA",2022,2022-05-08,9,5,"",222007,550,"Private","black",113416,"CSEO",NA,NA,NA,NA,142,5,8
156001,"SITKA",2022,2022-05-08,9,7,"F",221002,480,"Private","black",113416,"CSEO",NA,NA,NA,NA,142,5,8
156000,"SITKA",2022,2022-05-08,9,7,"M",221001,490,"Private","black",113416,"CSEO",NA,NA,NA,NA,142,5,8
156446,"SITKA",2022,2022-05-20,10,5,"",224009,500,"Private","black",113000,"UNKN",NA,NA,NA,NA,142,5,20
156441,"SITKA",2022,2022-05-20,10,5,"",224004,360,"Private","black",113000,"UNKN",NA,NA,NA,NA,142,5,20
156444,"SITKA",2022,2022-05-20,10,5,"",224007,400,"Private","black",113000,"UNKN",NA,NA,NA,NA,142,5,20
156443,"SITKA",2022,2022-05-20,10,5,"",224006,480,"Private","black",113000,"UNKN",NA,NA,NA,NA,142,5,20
156439,"SITKA",2022,2022-05-20,10,5,"",224002,400,"Private","black",113000,"UNKN",NA,NA,NA,NA,142,5,20
156438,"SITKA",2022,2022-05-20,10,5,"",224001,400,"Private","black",113000,"UNKN",NA,NA,NA,NA,142,5,20
156445,"SITKA",2022,2022-05-20,10,5,"",224008,420,"Private","black",113000,"UNKN",NA,NA,NA,NA,142,5,20
156440,"SITKA",2022,2022-05-20,10,5,"",224003,420,"Private","black",113000,"UNKN",NA,NA,NA,NA,142,5,20
156442,"SITKA",2022,2022-05-20,10,5,"",224005,400,"Private","black",113000,"UNKN",NA,NA,NA,NA,142,5,20
157115,"SITKA",2022,2022-05-26,11,13,"",224010,360,"Private","black",113311,"CSEO",NA,NA,NA,NA,142,5,26
157116,"SITKA",2022,2022-05-26,11,13,"",224011,380,"Private","black",113311,"CSEO",NA,NA,NA,NA,142,5,26
157335,"SITKA",2022,2022-05-27,11,13,"M",221012,520,"Private","black",113311,"CSEO",NA,NA,NA,NA,142,5,27
157334,"SITKA",2022,2022-05-27,11,13,"M",221011,470,"Private","black",113311,"CSEO",NA,NA,NA,NA,142,5,27
157333,"SITKA",2022,2022-05-27,11,13,"M",221010,450,"Private","black",113311,"CSEO",NA,NA,NA,NA,142,5,27
157332,"SITKA",2022,2022-05-27,11,13,"F",221009,500,"Private","black",113311,"CSEO",NA,NA,NA,NA,142,5,27
158103,"SITKA",2022,2022-06-02,11,5,"",224014,400,"Private","black",113000,"UNKN",NA,NA,NA,NA,142,6,2
158102,"SITKA",2022,2022-06-02,11,5,"",224013,470,"Private","black",113000,"UNKN",NA,NA,NA,NA,142,6,2
158298,"SITKA",2022,2022-06-04,11,5,"",222021,440,"Private","black",113450,"CSEO",NA,NA,NA,NA,142,6,4
158297,"SITKA",2022,2022-06-04,11,5,"",222020,425,"Private","black",113450,"CSEO",NA,NA,NA,NA,142,6,4
158296,"SITKA",2022,2022-06-04,11,5,"",222019,410,"Private","black",113450,"CSEO",NA,NA,NA,NA,142,6,4
160048,"SITKA",2022,2022-06-13,12,4,"",226012,390,"Private","black",113416,"CSEO",NA,NA,NA,NA,142,6,13
160047,"SITKA",2022,2022-06-13,12,4,"",226011,420,"Private","black",113416,"CSEO",NA,NA,NA,NA,142,6,13
160046,"SITKA",2022,2022-06-13,12,4,"",226010,360,"Private","black",113416,"CSEO",NA,NA,NA,NA,142,6,13
160156,"SITKA",2022,2022-06-14,12,8,"",222038,365,"Private","black",113611,"CSEO",NA,NA,NA,NA,142,6,14
160155,"SITKA",2022,2022-06-14,12,8,"",222037,440,"Private","black",113611,"CSEO",NA,NA,NA,NA,142,6,14
160154,"SITKA",2022,2022-06-14,12,8,"",222036,370,"Private","black",113611,"CSEO",NA,NA,NA,NA,142,6,14
160153,"SITKA",2022,2022-06-14,12,8,"",222035,400,"Private","black",113611,"CSEO",NA,NA,NA,NA,142,6,14
160152,"SITKA",2022,2022-06-14,12,8,"",222034,420,"Private","black",113611,"CSEO",NA,NA,NA,NA,142,6,14
160151,"SITKA",2022,2022-06-14,12,8,"",222033,415,"Private","black",113611,"CSEO",NA,NA,NA,NA,142,6,14
160289,"SITKA",2022,2022-06-15,12,11,"F",221037,420,"Private","black",113416,"CSEO",NA,NA,NA,NA,142,6,15
160288,"SITKA",2022,2022-06-15,12,11,"F",221036,450,"Private","black",113416,"CSEO",NA,NA,NA,NA,142,6,15
160287,"SITKA",2022,2022-06-15,12,11,"M",221035,470,"Private","black",113416,"CSEO",NA,NA,NA,NA,142,6,15
161517,"SITKA",2022,2022-06-18,12,4,"",520339,435,"Private","black",113412,"CSEO",NA,NA,NA,NA,142,6,18
161519,"SITKA",2022,2022-06-18,12,4,"",520341,435,"Private","black",113416,"CSEO",NA,NA,NA,NA,142,6,18
161518,"SITKA",2022,2022-06-18,12,4,"",520340,545,"Private","black",113416,"CSEO",NA,NA,NA,NA,142,6,18
161861,"SITKA",2022,2022-06-18,12,13,"",520174,380,"Private","black",113311,"CSEO",NA,NA,NA,NA,142,6,18
161860,"SITKA",2022,2022-06-18,12,13,"",520173,400,"Private","black",113311,"CSEO",NA,NA,NA,NA,142,6,18
161859,"SITKA",2022,2022-06-18,12,13,"",520172,420,"Private","black",113311,"CSEO",NA,NA,NA,NA,142,6,18
161858,"SITKA",2022,2022-06-18,12,13,"",520171,420,"Private","black",113311,"CSEO",NA,NA,NA,NA,142,6,18
161857,"SITKA",2022,2022-06-18,12,13,"",520170,300,"Private","black",113311,"CSEO",NA,NA,NA,NA,142,6,18
161856,"SITKA",2022,2022-06-18,12,13,"",520169,400,"Private","black",113311,"CSEO",NA,NA,NA,NA,142,6,18
164203,"SITKA",2022,2022-06-24,13,11,"M",520010,400,"Private","black",113311,"CSEO",NA,NA,NA,NA,142,6,24
164202,"SITKA",2022,2022-06-24,13,11,"F",520009,400,"Private","black",113311,"CSEO",NA,NA,NA,NA,142,6,24
166524,"SITKA",2022,2022-07-03,13,4,"",520265,665,"Private","black",113430,"CSEO",NA,NA,NA,NA,142,7,3
166523,"SITKA",2022,2022-07-03,13,4,"",520266,545,"Private","black",113430,"CSEO",NA,NA,NA,NA,142,7,3
167875,"SITKA",2022,2022-07-09,14,4,"M",520017,470,"Private","black",113412,"CSEO",NA,NA,NA,NA,142,7,9
167874,"SITKA",2022,2022-07-09,14,4,"F",520016,340,"Private","black",113412,"CSEO",NA,NA,NA,NA,142,7,9
167873,"SITKA",2022,2022-07-09,14,4,"F",520015,450,"Private","black",113412,"CSEO",NA,NA,NA,NA,142,7,9
170469,"SITKA",2022,2022-07-19,15,5,"",520135,330,"Private","black",113412,"CSEO",NA,NA,NA,NA,142,7,19
170468,"SITKA",2022,2022-07-19,15,5,"",520134,400,"Private","black",113412,"CSEO",NA,NA,NA,NA,142,7,19
170467,"SITKA",2022,2022-07-19,15,5,"",520133,355,"Private","black",113412,"CSEO",NA,NA,NA,NA,142,7,19
170466,"SITKA",2022,2022-07-19,15,5,"",520132,385,"Private","black",113412,"CSEO",NA,NA,NA,NA,142,7,19
170465,"SITKA",2022,2022-07-19,15,5,"",520131,395,"Private","black",113412,"CSEO",NA,NA,NA,NA,142,7,19
170464,"SITKA",2022,2022-07-19,15,5,"",520130,350,"Private","black",113412,"CSEO",NA,NA,NA,NA,142,7,19
172225,"SITKA",2022,2022-07-25,15,9,"",520377,470,"Private","black",113416,"CSEO",NA,NA,NA,NA,142,7,25
174035,"SITKA",2022,2022-08-01,16,6,"",520381,370,"Private","black",113411,"CSEO",NA,NA,NA,NA,142,8,1
176075,"SITKA",2022,2022-08-10,16,12,"F",520023,450,"Private","black",113450,"CSEO",NA,NA,NA,NA,142,8,10
176074,"SITKA",2022,2022-08-10,16,12,"M",520022,440,"Private","black",113450,"CSEO",NA,NA,NA,NA,142,8,10
176073,"SITKA",2022,2022-08-10,16,12,"F",520021,450,"Private","black",113450,"CSEO",NA,NA,NA,NA,142,8,10
176626,"SITKA",2022,2022-08-12,16,8,"M",520391,535,"Private","black",113311,"CSEO",NA,NA,NA,NA,142,8,12
176652,"SITKA",2022,2022-08-12,16,8,"M",520387,545,"Private","black",113611,"CSEO",NA,NA,NA,NA,142,8,12
176649,"SITKA",2022,2022-08-12,16,8,"M",520388,525,"Private","black",113611,"CSEO",NA,NA,NA,NA,142,8,12
177243,"SITKA",2022,2022-08-14,16,8,"M",520137,465,"Private","black",113611,"CSEO",NA,NA,NA,NA,142,8,14
177242,"SITKA",2022,2022-08-14,16,8,"F",520136,360,"Private","black",113611,"CSEO",NA,NA,NA,NA,142,8,14
180767,"SITKA",2022,2022-09-04,18,4,"M",520159,385,"Private","black",113417,"CSEO",NA,NA,NA,NA,142,9,4
180766,"SITKA",2022,2022-09-04,18,4,"F",520158,365,"Private","black",113417,"CSEO",NA,NA,NA,NA,142,9,4
157330,"SITKA",2022,2022-05-27,11,13,"F",221008,330,"Charter","black",113450,"CSEO",NA,NA,NA,NA,142,5,27
157329,"SITKA",2022,2022-05-27,11,13,"F",221007,430,"Charter","black",113450,"CSEO",NA,NA,NA,NA,142,5,27
157327,"SITKA",2022,2022-05-27,11,13,"F",221005,510,"Charter","black",113450,"CSEO",NA,NA,NA,NA,142,5,27
157326,"SITKA",2022,2022-05-27,11,13,"M",221004,430,"Charter","black",113450,"CSEO",NA,NA,NA,NA,142,5,27
157328,"SITKA",2022,2022-05-27,11,13,"M",221006,450,"Charter","black",113450,"CSEO",NA,NA,NA,NA,142,5,27
157325,"SITKA",2022,2022-05-27,11,13,"M",221003,390,"Charter","black",113450,"CSEO",NA,NA,NA,NA,142,5,27
157185,"SITKA",2022,2022-05-28,11,11,"F",221017,390,"Charter","black",113417,"CSEO",NA,NA,NA,NA,142,5,28
157181,"SITKA",2022,2022-05-28,11,11,"F",221013,360,"Charter","black",113417,"CSEO",NA,NA,NA,NA,142,5,28
157183,"SITKA",2022,2022-05-28,11,11,"F",221015,420,"Charter","black",113417,"CSEO",NA,NA,NA,NA,142,5,28
157182,"SITKA",2022,2022-05-28,11,11,"F",221014,400,"Charter","black",113417,"CSEO",NA,NA,NA,NA,142,5,28
157186,"SITKA",2022,2022-05-28,11,11,"F",221018,390,"Charter","black",113417,"CSEO",NA,NA,NA,NA,142,5,28
157184,"SITKA",2022,2022-05-28,11,11,"F",221016,350,"Charter","black",113417,"CSEO",NA,NA,NA,NA,142,5,28
157207,"SITKA",2022,2022-05-28,11,11,"F",221027,420,"Charter","black",113417,"CSEO",NA,NA,NA,NA,142,5,28
157206,"SITKA",2022,2022-05-28,11,11,"F",221026,480,"Charter","black",113417,"CSEO",NA,NA,NA,NA,142,5,28
157205,"SITKA",2022,2022-05-28,11,11,"F",221025,350,"Charter","black",113417,"CSEO",NA,NA,NA,NA,142,5,28
157202,"SITKA",2022,2022-05-28,11,11,"M",221022,390,"Charter","black",113417,"CSEO",NA,NA,NA,NA,142,5,28
157203,"SITKA",2022,2022-05-28,11,11,"M",221023,350,"Charter","black",113417,"CSEO",NA,NA,NA,NA,142,5,28
157208,"SITKA",2022,2022-05-28,11,11,"F",221028,380,"Charter","black",113417,"CSEO",NA,NA,NA,NA,142,5,28
157200,"SITKA",2022,2022-05-28,11,11,"M",221020,370,"Charter","black",113417,"CSEO",NA,NA,NA,NA,142,5,28
157204,"SITKA",2022,2022-05-28,11,11,"F",221024,300,"Charter","black",113417,"CSEO",NA,NA,NA,NA,142,5,28
157201,"SITKA",2022,2022-05-28,11,11,"M",221021,480,"Charter","black",113417,"CSEO",NA,NA,NA,NA,142,5,28
157199,"SITKA",2022,2022-05-28,11,11,"F",221019,390,"Charter","black",113417,"CSEO",NA,NA,NA,NA,142,5,28
157478,"SITKA",2022,2022-05-29,11,6,"",222013,385,"Charter","black",355631,"CSEO",NA,NA,NA,NA,142,5,29
157477,"SITKA",2022,2022-05-29,11,6,"",222012,360,"Charter","black",355631,"CSEO",NA,NA,NA,NA,142,5,29
157475,"SITKA",2022,2022-05-29,11,6,"",222010,470,"Charter","black",355631,"CSEO",NA,NA,NA,NA,142,5,29
157474,"SITKA",2022,2022-05-29,11,6,"",222009,360,"Charter","black",355631,"CSEO",NA,NA,NA,NA,142,5,29
157476,"SITKA",2022,2022-05-29,11,6,"",222011,350,"Charter","black",355631,"CSEO",NA,NA,NA,NA,142,5,29
157473,"SITKA",2022,2022-05-29,11,6,"",222008,375,"Charter","black",355631,"CSEO",NA,NA,NA,NA,142,5,29
157799,"SITKA",2022,2022-05-31,11,8,"",222018,395,"Charter","black",113450,"CSEO",NA,NA,NA,NA,142,5,31
157797,"SITKA",2022,2022-05-31,11,8,"",222016,330,"Charter","black",113450,"CSEO",NA,NA,NA,NA,142,5,31
157796,"SITKA",2022,2022-05-31,11,8,"",222015,390,"Charter","black",113450,"CSEO",NA,NA,NA,NA,142,5,31
157798,"SITKA",2022,2022-05-31,11,8,"",222017,390,"Charter","black",113450,"CSEO",NA,NA,NA,NA,142,5,31
157795,"SITKA",2022,2022-05-31,11,8,"",222014,370,"Charter","black",113450,"CSEO",NA,NA,NA,NA,142,5,31
158714,"SITKA",2022,2022-06-06,12,6,"M",222023,455,"Charter","black",113450,"CSEO",NA,NA,NA,NA,142,6,6
159014,"SITKA",2022,2022-06-09,12,13,"F",221030,420,"Charter","black",113416,"CSEO",NA,NA,NA,NA,142,6,9
159013,"SITKA",2022,2022-06-09,12,13,"M",221029,350,"Charter","black",113416,"CSEO",NA,NA,NA,NA,142,6,9
159276,"SITKA",2022,2022-06-10,12,8,"",222028,465,"Charter","black",113311,"CSEO",NA,NA,NA,NA,142,6,10
159275,"SITKA",2022,2022-06-10,12,8,"",222027,475,"Charter","black",113311,"CSEO",NA,NA,NA,NA,142,6,10
159274,"SITKA",2022,2022-06-10,12,8,"",222026,450,"Charter","black",113311,"CSEO",NA,NA,NA,NA,142,6,10
159273,"SITKA",2022,2022-06-10,12,8,"",222025,435,"Charter","black",113311,"CSEO",NA,NA,NA,NA,142,6,10
159272,"SITKA",2022,2022-06-10,12,8,"",222024,405,"Charter","black",113311,"CSEO",NA,NA,NA,NA,142,6,10
159271,"SITKA",2022,2022-06-10,12,8,"",222022,425,"Charter","black",113311,"CSEO",NA,NA,NA,NA,142,6,10
159210,"SITKA",2022,2022-06-10,12,11,"M",221034,360,"Charter","black",113416,"CSEO",NA,NA,NA,NA,142,6,10
159209,"SITKA",2022,2022-06-10,12,11,"F",221033,390,"Charter","black",113416,"CSEO",NA,NA,NA,NA,142,6,10
159208,"SITKA",2022,2022-06-10,12,11,"M",221032,400,"Charter","black",113416,"CSEO",NA,NA,NA,NA,142,6,10
159207,"SITKA",2022,2022-06-10,12,11,"F",221031,380,"Charter","black",113416,"CSEO",NA,NA,NA,NA,142,6,10
159405,"SITKA",2022,2022-06-11,12,9,"F",222031,315,"Charter","black",113417,"CSEO",NA,NA,NA,NA,142,6,11
159404,"SITKA",2022,2022-06-11,12,9,"M",222030,410,"Charter","black",113417,"CSEO",NA,NA,NA,NA,142,6,11
159403,"SITKA",2022,2022-06-11,12,9,"M",222029,425,"Charter","black",113417,"CSEO",NA,NA,NA,NA,142,6,11
159691,"SITKA",2022,2022-06-12,12,6,"M",222032,565,"Charter","black",113417,"CSEO",NA,NA,NA,NA,142,6,12
159714,"SITKA",2022,2022-06-12,12,8,"",226003,345,"Charter","black",113311,"CSEO",NA,NA,NA,NA,142,6,12
159713,"SITKA",2022,2022-06-12,12,8,"",226002,375,"Charter","black",113311,"CSEO",NA,NA,NA,NA,142,6,12
159711,"SITKA",2022,2022-06-12,12,8,"",226001,465,"Charter","black",113311,"CSEO",NA,NA,NA,NA,142,6,12
159724,"SITKA",2022,2022-06-12,12,8,"",226009,405,"Charter","black",113311,"CSEO",NA,NA,NA,NA,142,6,12
159723,"SITKA",2022,2022-06-12,12,8,"",226008,365,"Charter","black",113311,"CSEO",NA,NA,NA,NA,142,6,12
159722,"SITKA",2022,2022-06-12,12,8,"",226007,400,"Charter","black",113311,"CSEO",NA,NA,NA,NA,142,6,12
159721,"SITKA",2022,2022-06-12,12,8,"",226006,350,"Charter","black",113311,"CSEO",NA,NA,NA,NA,142,6,12
159720,"SITKA",2022,2022-06-12,12,8,"",226005,380,"Charter","black",113311,"CSEO",NA,NA,NA,NA,142,6,12
159719,"SITKA",2022,2022-06-12,12,8,"",226004,390,"Charter","black",113311,"CSEO",NA,NA,NA,NA,142,6,12
160219,"SITKA",2022,2022-06-14,12,5,"",226018,390,"Charter","black",365701,"CSEO",NA,NA,NA,NA,142,6,14
160218,"SITKA",2022,2022-06-14,12,5,"",226017,485,"Charter","black",365701,"CSEO",NA,NA,NA,NA,142,6,14
160217,"SITKA",2022,2022-06-14,12,5,"",226016,470,"Charter","black",365701,"CSEO",NA,NA,NA,NA,142,6,14
160216,"SITKA",2022,2022-06-14,12,5,"",226015,510,"Charter","black",365701,"CSEO",NA,NA,NA,NA,142,6,14
160215,"SITKA",2022,2022-06-14,12,5,"",226014,470,"Charter","black",365701,"CSEO",NA,NA,NA,NA,142,6,14
160214,"SITKA",2022,2022-06-14,12,5,"",226013,440,"Charter","black",365701,"CSEO",NA,NA,NA,NA,142,6,14
160299,"SITKA",2022,2022-06-15,12,11,"M",221039,450,"Charter","black",113417,"CSEO",NA,NA,NA,NA,142,6,15
160298,"SITKA",2022,2022-06-15,12,11,"M",221038,460,"Charter","black",113417,"CSEO",NA,NA,NA,NA,142,6,15
161618,"SITKA",2022,2022-06-17,12,1,"",520338,450,"Charter","black",113311,"CSEO",NA,NA,NA,NA,142,6,17
161617,"SITKA",2022,2022-06-17,12,1,"",520337,400,"Charter","black",113311,"CSEO",NA,NA,NA,NA,142,6,17
162523,"SITKA",2022,2022-06-18,12,11,"F",520005,450,"Charter","black",113417,"CSEO",NA,NA,NA,NA,142,6,18
161442,"SITKA",2022,2022-06-18,12,11,"F",520006,430,"Charter","black",113417,"CSEO",NA,NA,NA,NA,142,6,18
161441,"SITKA",2022,2022-06-18,12,11,"F",520004,430,"Charter","black",113417,"CSEO",NA,NA,NA,NA,142,6,18
161440,"SITKA",2022,2022-06-18,12,11,"F",520003,480,"Charter","black",113417,"CSEO",NA,NA,NA,NA,142,6,18
161439,"SITKA",2022,2022-06-18,12,11,"F",520002,430,"Charter","black",113417,"CSEO",NA,NA,NA,NA,142,6,18
161438,"SITKA",2022,2022-06-18,12,11,"M",520001,460,"Charter","black",113417,"CSEO",NA,NA,NA,NA,142,6,18
161654,"SITKA",2022,2022-06-19,12,12,"F",520008,480,"Charter","black",113417,"CSEO",NA,NA,NA,NA,142,6,19
161653,"SITKA",2022,2022-06-19,12,12,"M",520007,460,"Charter","black",113417,"CSEO",NA,NA,NA,NA,142,6,19
162440,"SITKA",2022,2022-06-21,13,8,"",520090,350,"Charter","black",113450,"CSEO",NA,NA,NA,NA,142,6,21
162439,"SITKA",2022,2022-06-21,13,8,"",520089,370,"Charter","black",113450,"CSEO",NA,NA,NA,NA,142,6,21
162438,"SITKA",2022,2022-06-21,13,8,"",520088,370,"Charter","black",113450,"CSEO",NA,NA,NA,NA,142,6,21
162437,"SITKA",2022,2022-06-21,13,8,"",520087,330,"Charter","black",113450,"CSEO",NA,NA,NA,NA,142,6,21
162436,"SITKA",2022,2022-06-21,13,8,"",520086,380,"Charter","black",113450,"CSEO",NA,NA,NA,NA,142,6,21
162435,"SITKA",2022,2022-06-21,13,8,"M",520085,400,"Charter","black",113450,"CSEO",NA,NA,NA,NA,142,6,21
162452,"SITKA",2022,2022-06-21,13,8,"",520096,445,"Charter","black",113311,"CSEO",NA,NA,NA,NA,142,6,21
162451,"SITKA",2022,2022-06-21,13,8,"",520095,485,"Charter","black",113311,"CSEO",NA,NA,NA,NA,142,6,21
162450,"SITKA",2022,2022-06-21,13,8,"",520094,455,"Charter","black",113311,"CSEO",NA,NA,NA,NA,142,6,21
162449,"SITKA",2022,2022-06-21,13,8,"",520093,460,"Charter","black",113311,"CSEO",NA,NA,NA,NA,142,6,21
162448,"SITKA",2022,2022-06-21,13,8,"",520092,475,"Charter","black",113311,"CSEO",NA,NA,NA,NA,142,6,21
162447,"SITKA",2022,2022-06-21,13,8,"",520091,465,"Charter","black",113311,"CSEO",NA,NA,NA,NA,142,6,21
164065,"SITKA",2022,2022-06-24,13,1,"",520343,425,"Charter","black",113311,"CSEO",NA,NA,NA,NA,142,6,24
164064,"SITKA",2022,2022-06-24,13,1,"",520342,435,"Charter","black",113311,"CSEO",NA,NA,NA,NA,142,6,24
163677,"SITKA",2022,2022-06-24,13,9,"",520258,320,"Charter","black",113417,"CSEO",NA,NA,NA,NA,142,6,24
163676,"SITKA",2022,2022-06-24,13,9,"",520257,390,"Charter","black",113417,"CSEO",NA,NA,NA,NA,142,6,24
163675,"SITKA",2022,2022-06-24,13,9,"",520256,380,"Charter","black",113417,"CSEO",NA,NA,NA,NA,142,6,24
163674,"SITKA",2022,2022-06-24,13,9,"",520255,350,"Charter","black",113417,"CSEO",NA,NA,NA,NA,142,6,24
163673,"SITKA",2022,2022-06-24,13,9,"",520254,400,"Charter","black",113417,"CSEO",NA,NA,NA,NA,142,6,24
163672,"SITKA",2022,2022-06-24,13,9,"",520253,350,"Charter","black",113417,"CSEO",NA,NA,NA,NA,142,6,24
164291,"SITKA",2022,2022-06-25,13,6,"",520102,400,"Charter","black",113417,"CSEO",NA,NA,NA,NA,142,6,25
164290,"SITKA",2022,2022-06-25,13,6,"",520101,475,"Charter","black",113417,"CSEO",NA,NA,NA,NA,142,6,25
164289,"SITKA",2022,2022-06-25,13,6,"",520100,495,"Charter","black",113417,"CSEO",NA,NA,NA,NA,142,6,25
164288,"SITKA",2022,2022-06-25,13,6,"",520099,455,"Charter","black",113417,"CSEO",NA,NA,NA,NA,142,6,25
164287,"SITKA",2022,2022-06-25,13,6,"",520098,460,"Charter","black",113417,"CSEO",NA,NA,NA,NA,142,6,25
164286,"SITKA",2022,2022-06-25,13,6,"",520097,500,"Charter","black",113417,"CSEO",NA,NA,NA,NA,142,6,25
164375,"SITKA",2022,2022-06-25,13,8,"",520260,330,"Charter","black",113311,"CSEO",NA,NA,NA,NA,142,6,25
164374,"SITKA",2022,2022-06-25,13,8,"",520264,445,"Charter","black",113311,"CSEO",NA,NA,NA,NA,142,6,25
164373,"SITKA",2022,2022-06-25,13,8,"",520261,350,"Charter","black",113311,"CSEO",NA,NA,NA,NA,142,6,25
164372,"SITKA",2022,2022-06-25,13,8,"",520263,380,"Charter","black",113311,"CSEO",NA,NA,NA,NA,142,6,25
164371,"SITKA",2022,2022-06-25,13,8,"M",520259,360,"Charter","black",113311,"CSEO",NA,NA,NA,NA,142,6,25
164094,"SITKA",2022,2022-06-25,13,9,"",520349,370,"Charter","black",113417,"CSEO",NA,NA,NA,NA,142,6,25
164093,"SITKA",2022,2022-06-25,13,9,"",520348,385,"Charter","black",113417,"CSEO",NA,NA,NA,NA,142,6,25
164092,"SITKA",2022,2022-06-25,13,9,"",520347,370,"Charter","black",113417,"CSEO",NA,NA,NA,NA,142,6,25
164091,"SITKA",2022,2022-06-25,13,9,"",520346,400,"Charter","black",113417,"CSEO",NA,NA,NA,NA,142,6,25
164090,"SITKA",2022,2022-06-25,13,9,"",520345,365,"Charter","black",113417,"CSEO",NA,NA,NA,NA,142,6,25
164089,"SITKA",2022,2022-06-25,13,9,"",520344,335,"Charter","black",113417,"CSEO",NA,NA,NA,NA,142,6,25
166170,"SITKA",2022,2022-07-01,13,6,"",520106,340,"Charter","black",113417,"CSEO",NA,NA,NA,NA,142,7,1
166169,"SITKA",2022,2022-07-01,13,6,"",520110,440,"Charter","black",113417,"CSEO",NA,NA,NA,NA,142,7,1
166168,"SITKA",2022,2022-07-01,13,6,"",520109,455,"Charter","black",113417,"CSEO",NA,NA,NA,NA,142,7,1
166167,"SITKA",2022,2022-07-01,13,6,"",520105,410,"Charter","black",113417,"CSEO",NA,NA,NA,NA,142,7,1
166166,"SITKA",2022,2022-07-01,13,6,"",520104,410,"Charter","black",113417,"CSEO",NA,NA,NA,NA,142,7,1
166165,"SITKA",2022,2022-07-01,13,6,"",520103,360,"Charter","black",113417,"CSEO",NA,NA,NA,NA,142,7,1
166207,"SITKA",2022,2022-07-01,13,6,"",520114,350,"Charter","black",113417,"CSEO",NA,NA,NA,NA,142,7,1
166206,"SITKA",2022,2022-07-01,13,6,"",520113,470,"Charter","black",113417,"CSEO",NA,NA,NA,NA,142,7,1
166205,"SITKA",2022,2022-07-01,13,6,"F",520112,365,"Charter","black",113417,"CSEO",NA,NA,NA,NA,142,7,1
166204,"SITKA",2022,2022-07-01,13,6,"",520111,430,"Charter","black",113417,"CSEO",NA,NA,NA,NA,142,7,1
166203,"SITKA",2022,2022-07-01,13,6,"",520108,370,"Charter","black",113417,"CSEO",NA,NA,NA,NA,142,7,1
166202,"SITKA",2022,2022-07-01,13,6,"",520107,365,"Charter","black",113417,"CSEO",NA,NA,NA,NA,142,7,1
165916,"SITKA",2022,2022-07-03,13,6,"",520355,370,"Charter","black",113450,"CSEO",NA,NA,NA,NA,142,7,3
165915,"SITKA",2022,2022-07-03,13,6,"",520354,350,"Charter","black",113450,"CSEO",NA,NA,NA,NA,142,7,3
165914,"SITKA",2022,2022-07-03,13,6,"",520353,370,"Charter","black",113450,"CSEO",NA,NA,NA,NA,142,7,3
165913,"SITKA",2022,2022-07-03,13,6,"",520352,360,"Charter","black",113450,"CSEO",NA,NA,NA,NA,142,7,3
165912,"SITKA",2022,2022-07-03,13,6,"",520351,445,"Charter","black",113450,"CSEO",NA,NA,NA,NA,142,7,3
165911,"SITKA",2022,2022-07-03,13,6,"",520350,480,"Charter","black",113450,"CSEO",NA,NA,NA,NA,142,7,3
166317,"SITKA",2022,2022-07-04,14,1,"",520120,360,"Charter","black",113416,"CSEO",NA,NA,NA,NA,142,7,4
166316,"SITKA",2022,2022-07-04,14,1,"",520119,370,"Charter","black",113416,"CSEO",NA,NA,NA,NA,142,7,4
166315,"SITKA",2022,2022-07-04,14,1,"",520118,360,"Charter","black",113416,"CSEO",NA,NA,NA,NA,142,7,4
166314,"SITKA",2022,2022-07-04,14,1,"",520117,385,"Charter","black",113416,"CSEO",NA,NA,NA,NA,142,7,4
166313,"SITKA",2022,2022-07-04,14,1,"",520116,380,"Charter","black",113416,"CSEO",NA,NA,NA,NA,142,7,4
166312,"SITKA",2022,2022-07-04,14,1,"",520115,390,"Charter","black",113416,"CSEO",NA,NA,NA,NA,142,7,4
168254,"SITKA",2022,2022-07-04,14,5,"",520506,420,"Charter","black",365701,"CSEO",NA,NA,NA,NA,142,7,4
168253,"SITKA",2022,2022-07-04,14,5,"",520505,420,"Charter","black",365701,"CSEO",NA,NA,NA,NA,142,7,4
168252,"SITKA",2022,2022-07-04,14,5,"",520510,385,"Charter","black",365701,"CSEO",NA,NA,NA,NA,142,7,4
168251,"SITKA",2022,2022-07-04,14,5,"",520509,400,"Charter","black",365701,"CSEO",NA,NA,NA,NA,142,7,4
168250,"SITKA",2022,2022-07-04,14,5,"",520508,385,"Charter","black",365701,"CSEO",NA,NA,NA,NA,142,7,4
168249,"SITKA",2022,2022-07-04,14,5,"",520507,390,"Charter","black",365701,"CSEO",NA,NA,NA,NA,142,7,4
166383,"SITKA",2022,2022-07-04,14,8,"",520357,435,"Charter","black",113311,"CSEO",NA,NA,NA,NA,142,7,4
166382,"SITKA",2022,2022-07-04,14,8,"",520356,375,"Charter","black",113311,"CSEO",NA,NA,NA,NA,142,7,4
166996,"SITKA",2022,2022-07-06,14,12,"",520177,530,"Charter","black",113450,"CSEO",NA,NA,NA,NA,142,7,6
166995,"SITKA",2022,2022-07-06,14,12,"",520176,480,"Charter","black",113450,"CSEO",NA,NA,NA,NA,142,7,6
166997,"SITKA",2022,2022-07-06,14,12,"",520178,435,"Charter","black",113450,"CSEO",NA,NA,NA,NA,142,7,6
166994,"SITKA",2022,2022-07-06,14,12,"",520175,385,"Charter","black",113450,"CSEO",NA,NA,NA,NA,142,7,6
166998,"SITKA",2022,2022-07-06,14,12,"",520179,455,"Charter","black",113450,"CSEO",NA,NA,NA,NA,142,7,6
166999,"SITKA",2022,2022-07-06,14,12,"",520180,515,"Charter","black",113450,"CSEO",NA,NA,NA,NA,142,7,6
167771,"SITKA",2022,2022-07-08,14,13,"F",520012,380,"Charter","black",113311,"CSEO",NA,NA,NA,NA,142,7,8
167773,"SITKA",2022,2022-07-08,14,13,"M",520014,410,"Charter","black",113311,"CSEO",NA,NA,NA,NA,142,7,8
167772,"SITKA",2022,2022-07-08,14,13,"M",520013,410,"Charter","black",113311,"CSEO",NA,NA,NA,NA,142,7,8
167770,"SITKA",2022,2022-07-08,14,13,"F",520011,390,"Charter","black",113311,"CSEO",NA,NA,NA,NA,142,7,8
168400,"SITKA",2022,2022-07-11,14,5,"",520511,390,"Charter","black",113311,"CSEO",NA,NA,NA,NA,142,7,11
168401,"SITKA",2022,2022-07-11,14,5,"",520512,440,"Charter","black",113311,"CSEO",NA,NA,NA,NA,142,7,11
168402,"SITKA",2022,2022-07-11,14,5,"",520513,440,"Charter","black",113311,"CSEO",NA,NA,NA,NA,142,7,11
168702,"SITKA",2022,2022-07-13,14,13,"M",520018,470,"Charter","black",113311,"CSEO",NA,NA,NA,NA,142,7,13
169413,"SITKA",2022,2022-07-15,14,1,"",520126,350,"Charter","black",113417,"CSEO",NA,NA,NA,NA,142,7,15
169412,"SITKA",2022,2022-07-15,14,1,"",520125,370,"Charter","black",113417,"CSEO",NA,NA,NA,NA,142,7,15
169411,"SITKA",2022,2022-07-15,14,1,"",520124,360,"Charter","black",113417,"CSEO",NA,NA,NA,NA,142,7,15
169410,"SITKA",2022,2022-07-15,14,1,"",520123,455,"Charter","black",113417,"CSEO",NA,NA,NA,NA,142,7,15
169409,"SITKA",2022,2022-07-15,14,1,"",520122,360,"Charter","black",113417,"CSEO",NA,NA,NA,NA,142,7,15
169408,"SITKA",2022,2022-07-15,14,1,"",520121,350,"Charter","black",113417,"CSEO",NA,NA,NA,NA,142,7,15
169444,"SITKA",2022,2022-07-15,14,8,"",520363,380,"Charter","black",113311,"CSEO",NA,NA,NA,NA,142,7,15
169442,"SITKA",2022,2022-07-15,14,8,"",520361,370,"Charter","black",113311,"CSEO",NA,NA,NA,NA,142,7,15
169443,"SITKA",2022,2022-07-15,14,8,"",520362,415,"Charter","black",113311,"CSEO",NA,NA,NA,NA,142,7,15
169439,"SITKA",2022,2022-07-15,14,8,"",520358,380,"Charter","black",113311,"CSEO",NA,NA,NA,NA,142,7,15
169441,"SITKA",2022,2022-07-15,14,8,"",520360,350,"Charter","black",113311,"CSEO",NA,NA,NA,NA,142,7,15
169440,"SITKA",2022,2022-07-15,14,8,"",520359,410,"Charter","black",113311,"CSEO",NA,NA,NA,NA,142,7,15
169678,"SITKA",2022,2022-07-16,14,8,"",520367,410,"Charter","black",365701,"CSEO",NA,NA,NA,NA,142,7,16
169677,"SITKA",2022,2022-07-16,14,8,"",520366,420,"Charter","black",365701,"CSEO",NA,NA,NA,NA,142,7,16
169676,"SITKA",2022,2022-07-16,14,8,"",520365,400,"Charter","black",365701,"CSEO",NA,NA,NA,NA,142,7,16
169675,"SITKA",2022,2022-07-16,14,8,"",520364,440,"Charter","black",365701,"CSEO",NA,NA,NA,NA,142,7,16
170108,"SITKA",2022,2022-07-17,14,1,"",520129,450,"Charter","black",113311,"CSEO",NA,NA,NA,NA,142,7,17
170107,"SITKA",2022,2022-07-17,14,1,"",520128,330,"Charter","black",113311,"CSEO",NA,NA,NA,NA,142,7,17
170106,"SITKA",2022,2022-07-17,14,1,"",520127,270,"Charter","black",113311,"CSEO",NA,NA,NA,NA,142,7,17
172116,"SITKA",2022,2022-07-24,15,8,"",520373,360,"Charter","black",113611,"CSEO",NA,NA,NA,NA,142,7,24
172115,"SITKA",2022,2022-07-24,15,8,"",520372,385,"Charter","black",113611,"CSEO",NA,NA,NA,NA,142,7,24
172114,"SITKA",2022,2022-07-24,15,8,"",520370,400,"Charter","black",113611,"CSEO",NA,NA,NA,NA,142,7,24
172112,"SITKA",2022,2022-07-24,15,8,"",520371,420,"Charter","black",113611,"CSEO",NA,NA,NA,NA,142,7,24
172303,"SITKA",2022,2022-07-26,15,8,"",520369,390,"Charter","black",113417,"CSEO",NA,NA,NA,NA,142,7,26
172302,"SITKA",2022,2022-07-26,15,8,"",520368,380,"Charter","black",113417,"CSEO",NA,NA,NA,NA,142,7,26
172301,"SITKA",2022,2022-07-26,15,8,"",520374,355,"Charter","black",113417,"CSEO",NA,NA,NA,NA,142,7,26
172300,"SITKA",2022,2022-07-26,15,8,"",520375,350,"Charter","black",113417,"CSEO",NA,NA,NA,NA,142,7,26
172299,"SITKA",2022,2022-07-26,15,8,"",520376,385,"Charter","black",113417,"CSEO",NA,NA,NA,NA,142,7,26
172298,"SITKA",2022,2022-07-26,15,8,"",520378,395,"Charter","black",113417,"CSEO",NA,NA,NA,NA,142,7,26
173610,"SITKA",2022,2022-07-29,15,12,"F",520020,420,"Charter","black",113450,"CSEO",NA,NA,NA,NA,142,7,29
173609,"SITKA",2022,2022-07-29,15,12,"F",520019,410,"Charter","black",113450,"CSEO",NA,NA,NA,NA,142,7,29
175472,"SITKA",2022,2022-08-06,16,5,"M",520384,365,"Charter","black",113550,"NSEI",NA,NA,NA,NA,142,8,6
175471,"SITKA",2022,2022-08-06,16,5,"M",520382,365,"Charter","black",113550,"NSEI",NA,NA,NA,NA,142,8,6
175470,"SITKA",2022,2022-08-06,16,5,"F",520385,390,"Charter","black",113550,"NSEI",NA,NA,NA,NA,142,8,6
175469,"SITKA",2022,2022-08-06,16,5,"M",520383,385,"Charter","black",113550,"NSEI",NA,NA,NA,NA,142,8,6
175468,"SITKA",2022,2022-08-06,16,5,"",520379,400,"Charter","black",113550,"NSEI",NA,NA,NA,NA,142,8,6
175467,"SITKA",2022,2022-08-06,16,5,"M",520380,415,"Charter","black",113550,"NSEI",NA,NA,NA,NA,142,8,6
176640,"SITKA",2022,2022-08-12,16,8,"M",520389,425,"Charter","black",113220,"CSEO",NA,NA,NA,NA,142,8,12
176638,"SITKA",2022,2022-08-12,16,8,"M",520390,370,"Charter","black",113220,"CSEO",NA,NA,NA,NA,142,8,12
177251,"SITKA",2022,2022-08-13,16,6,"M",520422,430,"Charter","black",113417,"CSEO",NA,NA,NA,NA,142,8,13
177250,"SITKA",2022,2022-08-13,16,6,"M",520421,365,"Charter","black",113417,"CSEO",NA,NA,NA,NA,142,8,13
178505,"SITKA",2022,2022-08-19,17,8,"F",520143,360,"Charter","black",113417,"CSEO",NA,NA,NA,NA,142,8,19
178503,"SITKA",2022,2022-08-19,17,8,"M",520141,420,"Charter","black",113417,"CSEO",NA,NA,NA,NA,142,8,19
178502,"SITKA",2022,2022-08-19,17,8,"F",520140,350,"Charter","black",113417,"CSEO",NA,NA,NA,NA,142,8,19
178501,"SITKA",2022,2022-08-19,17,8,"M",520139,410,"Charter","black",113417,"CSEO",NA,NA,NA,NA,142,8,19
178500,"SITKA",2022,2022-08-19,17,8,"M",520138,465,"Charter","black",113417,"CSEO",NA,NA,NA,NA,142,8,19
178504,"SITKA",2022,2022-08-19,17,8,"F",520142,450,"Charter","black",113417,"CSEO",NA,NA,NA,NA,142,8,19
178899,"SITKA",2022,2022-08-20,17,8,"F",520147,550,"Charter","black",113417,"CSEO",NA,NA,NA,NA,142,8,20
178898,"SITKA",2022,2022-08-20,17,8,"M",520146,500,"Charter","black",113417,"CSEO",NA,NA,NA,NA,142,8,20
178897,"SITKA",2022,2022-08-20,17,8,"M",520145,570,"Charter","black",113417,"CSEO",NA,NA,NA,NA,142,8,20
178896,"SITKA",2022,2022-08-20,17,8,"M",520144,520,"Charter","black",113417,"CSEO",NA,NA,NA,NA,142,8,20
179138,"SITKA",2022,2022-08-21,17,8,"",520153,370,"Charter","black",113311,"CSEO",NA,NA,NA,NA,142,8,21
179137,"SITKA",2022,2022-08-21,17,8,"",520152,400,"Charter","black",113311,"CSEO",NA,NA,NA,NA,142,8,21
179136,"SITKA",2022,2022-08-21,17,8,"",520151,380,"Charter","black",113311,"CSEO",NA,NA,NA,NA,142,8,21
179135,"SITKA",2022,2022-08-21,17,8,"",520150,365,"Charter","black",113311,"CSEO",NA,NA,NA,NA,142,8,21
179134,"SITKA",2022,2022-08-21,17,8,"",520149,360,"Charter","black",113311,"CSEO",NA,NA,NA,NA,142,8,21
179133,"SITKA",2022,2022-08-21,17,8,"F",520148,385,"Charter","black",113311,"CSEO",NA,NA,NA,NA,142,8,21
179158,"SITKA",2022,2022-08-21,17,8,"M",520157,480,"Charter","black",113417,"CSEO",NA,NA,NA,NA,142,8,21
179156,"SITKA",2022,2022-08-21,17,8,"F",520156,370,"Charter","black",113417,"CSEO",NA,NA,NA,NA,142,8,21
179155,"SITKA",2022,2022-08-21,17,8,"M",520155,480,"Charter","black",113417,"CSEO",NA,NA,NA,NA,142,8,21
179154,"SITKA",2022,2022-08-21,17,8,"F",520154,430,"Charter","black",113417,"CSEO",NA,NA,NA,NA,142,8,21
180210,"SITKA",2022,2022-08-28,17,9,"M",520392,430,"Charter","black",113450,"CSEO",NA,NA,NA,NA,142,8,28
180209,"SITKA",2022,2022-08-28,17,9,"M",520393,415,"Charter","black",113450,"CSEO",NA,NA,NA,NA,142,8,28
180903,"SITKA",2022,2022-09-10,18,6,"M",520165,405,"Charter","black",113450,"CSEO",NA,NA,NA,NA,142,9,10
180902,"SITKA",2022,2022-09-10,18,6,"F",520164,320,"Charter","black",113450,"CSEO",NA,NA,NA,NA,142,9,10
180901,"SITKA",2022,2022-09-10,18,6,"",520163,425,"Charter","black",113450,"CSEO",NA,NA,NA,NA,142,9,10
180900,"SITKA",2022,2022-09-10,18,6,"",520162,415,"Charter","black",113450,"CSEO",NA,NA,NA,NA,142,9,10
180899,"SITKA",2022,2022-09-10,18,6,"",520161,360,"Charter","black",113450,"CSEO",NA,NA,NA,NA,142,9,10
180898,"SITKA",2022,2022-09-10,18,6,"M",520160,360,"Charter","black",113450,"CSEO",NA,NA,NA,NA,142,9,10
