"BIOSAMPLEID","SITE","YEAR","DATE","BIWEEK","HARBOR","SEX","OTOLITH","LENGTH","CLASSN","RF_NAME","LOGBOOK_AREA","Stat_Area_label","GF_area","AGE","AGE2","AGECONF","OTOLITH_WT","SPECIES","MONTH","DAY"
92969,"SITKA",2019,2019-05-17,10,7,"F",190001,360,"Private","black",113411,"113-41","CSEO",6,NA,2,NA,NA,5,17
92970,"SITKA",2019,2019-05-17,10,7,"F",190002,340,"Private","black",113411,"113-41","CSEO",13,NA,2,NA,NA,5,17
93204,"SITKA",2019,2019-05-18,10,1,"F",190003,350,"Private","black",113411,"113-41","CSEO",6,NA,2,NA,NA,5,18
93190,"SITKA",2019,2019-05-19,10,4,"M",190004,550,"Private","black",113412,"113-41","CSEO",18,NA,2,NA,NA,5,19
93283,"SITKA",2019,2019-05-22,10,9,"M",190005,410,"Charter","black",113417,"113-41","CSEO",18,NA,2,NA,NA,5,22
93284,"SITKA",2019,2019-05-22,10,9,"F",190006,480,"Charter","black",113417,"113-41","CSEO",20,20,2,NA,NA,5,22
93285,"SITKA",2019,2019-05-22,10,9,"M",190007,520,"Charter","black",113417,"113-41","CSEO",43,NA,1,NA,NA,5,22
93286,"SITKA",2019,2019-05-22,10,9,"M",190008,480,"Charter","black",113417,"113-41","CSEO",17,17,1,NA,NA,5,22
93287,"SITKA",2019,2019-05-22,10,9,"F",190009,440,"Charter","black",113417,"113-41","CSEO",12,12,2,NA,NA,5,22
93288,"SITKA",2019,2019-05-22,10,9,"F",190010,310,"Charter","black",113417,"113-41","CSEO",6,NA,2,NA,NA,5,22
93394,"SITKA",2019,2019-05-23,10,6,"M",190011,510,"Charter","black",113450,"113-45","CSEO",28,NA,2,NA,NA,5,23
93395,"SITKA",2019,2019-05-23,10,6,"F",190012,450,"Charter","black",113450,"113-45","CSEO",13,NA,2,NA,NA,5,23
93396,"SITKA",2019,2019-05-23,10,6,"M",190013,390,"Charter","black",113450,"113-45","CSEO",9,NA,2,NA,NA,5,23
93397,"SITKA",2019,2019-05-23,10,6,"M",190014,470,"Charter","black",113450,"113-45","CSEO",20,NA,2,NA,NA,5,23
93398,"SITKA",2019,2019-05-23,10,6,"M",190015,460,"Charter","black",113450,"113-45","CSEO",16,NA,2,NA,NA,5,23
93399,"SITKA",2019,2019-05-23,10,6,"F",190016,420,"Charter","black",113450,"113-45","CSEO",14,NA,2,NA,NA,5,23
93412,"SITKA",2019,2019-05-23,10,6,"M",190017,420,"Charter","black",113450,"113-45","CSEO",14,NA,2,NA,NA,5,23
94009,"SITKA",2019,2019-05-24,10,6,"F",190018,460,"Charter","black",113417,"113-41","CSEO",12,NA,2,NA,NA,5,24
94008,"SITKA",2019,2019-05-24,10,6,"F",190019,440,"Charter","black",113417,"113-41","CSEO",7,NA,2,NA,NA,5,24
94007,"SITKA",2019,2019-05-24,10,6,"M",190020,470,"Charter","black",113417,"113-41","CSEO",12,NA,2,NA,NA,5,24
94006,"SITKA",2019,2019-05-24,10,6,"M",190021,500,"Charter","black",113417,"113-41","CSEO",15,15,1,NA,NA,5,24
94005,"SITKA",2019,2019-05-24,10,6,"F",190022,390,"Charter","black",113417,"113-41","CSEO",8,8,2,NA,NA,5,24
94004,"SITKA",2019,2019-05-24,10,6,"M",190023,490,"Charter","black",113417,"113-41","CSEO",19,NA,2,NA,NA,5,24
94037,"SITKA",2019,2019-05-24,10,6,"F",190024,380,"Charter","black",113417,"113-41","CSEO",11,11,2,NA,NA,5,24
94033,"SITKA",2019,2019-05-24,10,6,"M",190025,320,"Charter","black",113417,"113-41","CSEO",6,NA,2,NA,NA,5,24
94035,"SITKA",2019,2019-05-24,10,6,"M",190026,410,"Charter","black",113417,"113-41","CSEO",11,NA,2,NA,NA,5,24
94034,"SITKA",2019,2019-05-24,10,6,"M",190027,450,"Charter","black",113417,"113-41","CSEO",21,NA,2,NA,NA,5,24
94038,"SITKA",2019,2019-05-24,10,6,"M",190028,460,"Charter","black",113417,"113-41","CSEO",23,NA,1,NA,NA,5,24
94036,"SITKA",2019,2019-05-24,10,6,"M",190029,450,"Charter","black",113417,"113-41","CSEO",1,NA,2,NA,NA,5,24
94046,"SITKA",2019,2019-05-24,10,6,"F",190030,410,"Charter","black",113417,"113-41","CSEO",9,NA,2,NA,NA,5,24
94045,"SITKA",2019,2019-05-24,10,6,"M",190031,490,"Charter","black",113417,"113-41","CSEO",12,NA,2,NA,NA,5,24
94044,"SITKA",2019,2019-05-24,10,6,"M",190032,470,"Charter","black",113417,"113-41","CSEO",14,NA,2,NA,NA,5,24
94043,"SITKA",2019,2019-05-24,10,6,"F",190033,440,"Charter","black",113417,"113-41","CSEO",10,NA,2,NA,NA,5,24
94042,"SITKA",2019,2019-05-24,10,6,"F",190034,490,"Charter","black",113417,"113-41","CSEO",14,14,2,NA,NA,5,24
94041,"SITKA",2019,2019-05-24,10,6,"M",190035,400,"Charter","black",113417,"113-41","CSEO",10,NA,2,NA,NA,5,24
94040,"SITKA",2019,2019-05-24,10,6,"M",190036,360,"Charter","black",113417,"113-41","CSEO",6,NA,2,NA,NA,5,24
93641,"SITKA",2019,2019-05-25,10,5,"M",190037,520,"Private","black",113416,"113-41","CSEO",35,NA,1,NA,NA,5,25
93642,"SITKA",2019,2019-05-25,10,5,"M",190038,470,"Private","black",113416,"113-41","CSEO",18,NA,2,NA,NA,5,25
93643,"SITKA",2019,2019-05-25,10,5,"M",190039,450,"Private","black",113416,"113-41","CSEO",15,NA,2,NA,NA,5,25
93644,"SITKA",2019,2019-05-25,10,5,"M",190040,480,"Private","black",113416,"113-41","CSEO",22,NA,2,NA,NA,5,25
93645,"SITKA",2019,2019-05-25,10,5,"M",190041,480,"Private","black",113416,"113-41","CSEO",13,NA,2,NA,NA,5,25
93646,"SITKA",2019,2019-05-25,10,5,"M",190042,510,"Private","black",113416,"113-41","CSEO",18,NA,2,NA,NA,5,25
93846,"SITKA",2019,2019-05-27,11,8,"M",190043,450,"Charter","black",113450,"113-45","CSEO",20,20,2,NA,NA,5,27
93847,"SITKA",2019,2019-05-27,11,8,"M",190044,410,"Charter","black",113450,"113-45","CSEO",13,13,2,NA,NA,5,27
93848,"SITKA",2019,2019-05-27,11,8,"M",190045,410,"Charter","black",113450,"113-45","CSEO",11,11,2,NA,NA,5,27
93849,"SITKA",2019,2019-05-27,11,8,"M",190046,340,"Charter","black",113450,"113-45","CSEO",11,NA,2,NA,NA,5,27
93850,"SITKA",2019,2019-05-27,11,8,"F",190047,470,"Charter","black",113450,"113-45","CSEO",17,NA,2,NA,NA,5,27
93851,"SITKA",2019,2019-05-27,11,8,"F",190048,450,"Charter","black",113450,"113-45","CSEO",11,NA,2,NA,NA,5,27
94350,"SITKA",2019,2019-05-30,11,9,"M",190049,360,"Charter","black",113611,"113-61","CSEO",6,NA,2,NA,NA,5,30
94351,"SITKA",2019,2019-05-30,11,9,"M",190050,440,"Charter","black",113611,"113-61","CSEO",22,NA,2,NA,NA,5,30
94352,"SITKA",2019,2019-05-30,11,9,"F",190051,480,"Charter","black",113611,"113-61","CSEO",13,NA,2,NA,NA,5,30
94353,"SITKA",2019,2019-05-30,11,9,"M",190052,460,"Charter","black",113611,"113-61","CSEO",17,NA,2,NA,NA,5,30
94602,"SITKA",2019,2019-06-01,11,6,"F",190053,360,"Charter","black",113450,"113-45","CSEO",6,NA,2,NA,NA,6,1
94603,"SITKA",2019,2019-06-01,11,6,"M",190054,420,"Charter","black",113450,"113-45","CSEO",11,11,2,NA,NA,6,1
94604,"SITKA",2019,2019-06-01,11,6,"M",190055,410,"Charter","black",113450,"113-45","CSEO",8,NA,2,NA,NA,6,1
94605,"SITKA",2019,2019-06-01,11,6,"M",190056,470,"Charter","black",113450,"113-45","CSEO",14,NA,2,NA,NA,6,1
94606,"SITKA",2019,2019-06-01,11,6,"F",190057,400,"Charter","black",113450,"113-45","CSEO",9,NA,2,NA,NA,6,1
94607,"SITKA",2019,2019-06-01,11,6,"M",190058,460,"Charter","black",113450,"113-45","CSEO",12,NA,2,NA,NA,6,1
94625,"SITKA",2019,2019-06-01,11,6,"M",190059,450,"Charter","black",113450,"113-45","CSEO",11,NA,2,NA,NA,6,1
94626,"SITKA",2019,2019-06-01,11,6,"M",190060,530,"Charter","black",113417,"113-41","CSEO",22,23,1,NA,NA,6,1
94627,"SITKA",2019,2019-06-01,11,6,"M",190061,460,"Charter","black",113417,"113-41","CSEO",12,NA,2,NA,NA,6,1
94628,"SITKA",2019,2019-06-01,11,6,"M",190062,540,"Charter","black",113417,"113-41","CSEO",24,NA,2,NA,NA,6,1
94629,"SITKA",2019,2019-06-01,11,6,"F",190063,510,"Charter","black",113417,"113-41","CSEO",17,NA,2,NA,NA,6,1
94630,"SITKA",2019,2019-06-01,11,6,"M",190064,490,"Charter","black",113417,"113-41","CSEO",13,NA,2,NA,NA,6,1
94631,"SITKA",2019,2019-06-01,11,6,"F",190065,480,"Charter","black",113417,"113-41","CSEO",16,NA,2,NA,NA,6,1
94729,"SITKA",2019,2019-06-02,11,5,"F",190066,330,"Charter","black",113611,"113-61","CSEO",6,6,2,NA,NA,6,2
94730,"SITKA",2019,2019-06-02,11,5,"M",190067,400,"Charter","black",113611,"113-61","CSEO",17,NA,2,NA,NA,6,2
94731,"SITKA",2019,2019-06-02,11,5,"F",190068,390,"Charter","black",113611,"113-61","CSEO",12,NA,2,NA,NA,6,2
94732,"SITKA",2019,2019-06-02,11,5,"M",190069,470,"Charter","black",113611,"113-61","CSEO",13,NA,2,NA,NA,6,2
94733,"SITKA",2019,2019-06-02,11,5,"M",190070,420,"Charter","black",113611,"113-61","CSEO",13,NA,2,NA,NA,6,2
94734,"SITKA",2019,2019-06-02,11,5,"F",190071,300,"Charter","black",113611,"113-61","CSEO",5,NA,2,NA,NA,6,2
94750,"SITKA",2019,2019-06-02,11,5,"M",190072,460,"Charter","black",113611,"113-61","CSEO",19,NA,2,NA,NA,6,2
94751,"SITKA",2019,2019-06-02,11,5,"F",190073,450,"Charter","black",113611,"113-61","CSEO",14,NA,2,NA,NA,6,2
94752,"SITKA",2019,2019-06-02,11,5,"M",190074,440,"Charter","black",113611,"113-61","CSEO",19,19,2,NA,NA,6,2
94753,"SITKA",2019,2019-06-02,11,5,"M",190075,470,"Charter","black",113611,"113-61","CSEO",22,22,2,NA,NA,6,2
94754,"SITKA",2019,2019-06-02,11,5,"M",190076,440,"Charter","black",113611,"113-61","CSEO",16,NA,2,NA,NA,6,2
94755,"SITKA",2019,2019-06-02,11,5,"M",190077,440,"Charter","black",113611,"113-61","CSEO",18,NA,2,NA,NA,6,2
94756,"SITKA",2019,2019-06-02,11,5,"M",190078,430,"Charter","black",365701,"365-70","CSEO",15,NA,2,NA,NA,6,2
94757,"SITKA",2019,2019-06-02,11,5,"M",190079,430,"Charter","black",365701,"365-70","CSEO",13,NA,2,NA,NA,6,2
94758,"SITKA",2019,2019-06-02,11,5,"M",190080,430,"Charter","black",365701,"365-70","CSEO",15,NA,2,NA,NA,6,2
94759,"SITKA",2019,2019-06-02,11,5,"M",190081,340,"Charter","black",365701,"365-70","CSEO",6,NA,2,NA,NA,6,2
94760,"SITKA",2019,2019-06-02,11,5,"F",190082,380,"Charter","black",365701,"365-70","CSEO",7,NA,2,NA,NA,6,2
94761,"SITKA",2019,2019-06-02,11,5,"F",190083,380,"Charter","black",365701,"365-70","CSEO",6,NA,2,NA,NA,6,2
94747,"SITKA",2019,2019-06-02,11,5,"M",190084,310,"Charter","black",365701,"365-70","CSEO",6,NA,2,NA,NA,6,2
94748,"SITKA",2019,2019-06-02,11,5,"M",190085,440,"Charter","black",365701,"365-70","CSEO",24,NA,2,NA,NA,6,2
94749,"SITKA",2019,2019-06-02,11,5,"M",190086,440,"Charter","black",365701,"365-70","CSEO",14,14,2,NA,NA,6,2
95085,"SITKA",2019,2019-06-06,11,6,"F",190087,370,"Charter","black",113417,"113-41","CSEO",6,NA,2,NA,NA,6,6
95086,"SITKA",2019,2019-06-06,11,6,"M",190088,420,"Charter","black",113417,"113-41","CSEO",13,NA,2,NA,NA,6,6
95087,"SITKA",2019,2019-06-06,11,6,"M",190089,460,"Charter","black",113417,"113-41","CSEO",18,NA,2,NA,NA,6,6
95088,"SITKA",2019,2019-06-06,11,6,"M",190090,470,"Charter","black",113417,"113-41","CSEO",18,NA,2,NA,NA,6,6
95089,"SITKA",2019,2019-06-06,11,6,"F",190091,370,"Charter","black",113417,"113-41","CSEO",6,NA,2,NA,NA,6,6
95090,"SITKA",2019,2019-06-06,11,6,"M",190092,360,"Charter","black",113417,"113-41","CSEO",6,NA,2,NA,NA,6,6
95106,"SITKA",2019,2019-06-06,11,6,"M",190093,450,"Charter","black",113450,"113-45","CSEO",20,NA,2,NA,NA,6,6
95107,"SITKA",2019,2019-06-06,11,6,"F",190094,400,"Charter","black",113450,"113-45","CSEO",16,16,2,NA,NA,6,6
95108,"SITKA",2019,2019-06-06,11,6,"M",190095,450,"Charter","black",113450,"113-45","CSEO",21,NA,2,NA,NA,6,6
95109,"SITKA",2019,2019-06-06,11,6,"M",190096,430,"Charter","black",113450,"113-45","CSEO",15,NA,2,NA,NA,6,6
95110,"SITKA",2019,2019-06-06,11,6,"M",190097,450,"Charter","black",113450,"113-45","CSEO",24,NA,2,NA,NA,6,6
95111,"SITKA",2019,2019-06-06,11,6,"M",190098,490,"Charter","black",113450,"113-45","CSEO",35,NA,2,NA,NA,6,6
95115,"SITKA",2019,2019-06-06,11,6,"M",190099,340,"Charter","black",113450,"113-45","CSEO",6,6,2,NA,NA,6,6
95116,"SITKA",2019,2019-06-06,11,6,"F",190100,310,"Charter","black",113450,"113-45","CSEO",6,NA,2,NA,NA,6,6
95117,"SITKA",2019,2019-06-06,11,6,"F",190101,330,"Charter","black",113450,"113-45","CSEO",6,NA,2,NA,NA,6,6
95118,"SITKA",2019,2019-06-06,11,6,"F",190102,330,"Charter","black",113450,"113-45","CSEO",6,NA,2,NA,NA,6,6
95119,"SITKA",2019,2019-06-06,11,6,"M",190103,420,"Charter","black",113450,"113-45","CSEO",14,NA,2,NA,NA,6,6
95120,"SITKA",2019,2019-06-06,11,6,"M",190104,440,"Charter","black",113450,"113-45","CSEO",24,24,2,NA,NA,6,6
95370,"SITKA",2019,2019-06-08,11,1,"F",190105,420,"Charter","black",113417,"113-41","CSEO",14,NA,2,NA,NA,6,8
95371,"SITKA",2019,2019-06-08,11,1,"F",190106,320,"Charter","black",113417,"113-41","CSEO",9,9,2,NA,NA,6,8
95372,"SITKA",2019,2019-06-08,11,1,"F",190107,360,"Charter","black",113417,"113-41","CSEO",7,7,2,NA,NA,6,8
95373,"SITKA",2019,2019-06-08,11,1,"F",190108,340,"Charter","black",113417,"113-41","CSEO",7,NA,2,NA,NA,6,8
95374,"SITKA",2019,2019-06-08,11,1,"F",190109,370,"Charter","black",113417,"113-41","CSEO",6,6,2,NA,NA,6,8
95375,"SITKA",2019,2019-06-08,11,1,"M",190110,350,"Charter","black",113417,"113-41","CSEO",6,NA,2,NA,NA,6,8
95376,"SITKA",2019,2019-06-08,11,1,"F",190111,340,"Charter","black",113417,"113-41","CSEO",6,NA,2,NA,NA,6,8
95377,"SITKA",2019,2019-06-08,11,1,"M",190112,320,"Charter","black",113417,"113-41","CSEO",6,NA,2,NA,NA,6,8
96541,"SITKA",2019,2019-06-13,12,8,"M",190113,680,"Charter","black",113417,"113-41","CSEO",NA,NA,NA,NA,NA,6,13
96542,"SITKA",2019,2019-06-13,12,8,"F",190114,520,"Charter","black",113417,"113-41","CSEO",14,NA,2,NA,NA,6,13
96555,"SITKA",2019,2019-06-13,12,8,"F",190115,420,"Charter","black",113612,"113-61","CSEO",14,14,2,NA,NA,6,13
96556,"SITKA",2019,2019-06-13,12,8,"F",190116,500,"Charter","black",113612,"113-61","CSEO",11,NA,2,NA,NA,6,13
97712,"SITKA",2019,2019-06-15,12,5,"M",190117,490,"Charter","black",113417,"113-41","CSEO",33,NA,2,NA,NA,6,15
97713,"SITKA",2019,2019-06-15,12,5,"M",190118,490,"Charter","black",113417,"113-41","CSEO",33,NA,2,NA,NA,6,15
97714,"SITKA",2019,2019-06-15,12,5,"M",190119,490,"Charter","black",113417,"113-41","CSEO",24,24,2,NA,NA,6,15
97715,"SITKA",2019,2019-06-15,12,5,"F",190120,460,"Charter","black",113417,"113-41","CSEO",22,NA,2,NA,NA,6,15
97740,"SITKA",2019,2019-06-15,12,5,"F",190121,490,"Charter","black",113450,"113-45","CSEO",19,19,2,NA,NA,6,15
97741,"SITKA",2019,2019-06-15,12,5,"F",190122,510,"Charter","black",113450,"113-45","CSEO",13,13,2,NA,NA,6,15
97742,"SITKA",2019,2019-06-15,12,5,"M",190123,500,"Charter","black",113450,"113-45","CSEO",22,NA,2,NA,NA,6,15
98381,"SITKA",2019,2019-06-20,12,6,"F",190124,370,"Charter","black",113417,"113-41","CSEO",8,NA,2,NA,NA,6,20
98382,"SITKA",2019,2019-06-20,12,6,"M",190125,390,"Charter","black",113417,"113-41","CSEO",13,NA,2,NA,NA,6,20
98383,"SITKA",2019,2019-06-20,12,6,"M",190126,410,"Charter","black",113417,"113-41","CSEO",23,NA,2,NA,NA,6,20
98384,"SITKA",2019,2019-06-20,12,6,"F",190127,450,"Charter","black",113417,"113-41","CSEO",12,NA,2,NA,NA,6,20
98385,"SITKA",2019,2019-06-20,12,6,"M",190128,380,"Charter","black",113417,"113-41","CSEO",7,NA,2,NA,NA,6,20
98386,"SITKA",2019,2019-06-20,12,6,"M",190129,400,"Charter","black",113417,"113-41","CSEO",14,NA,2,NA,NA,6,20
99205,"SITKA",2019,2019-06-23,12,6,"M",190130,520,"Charter","black",113417,"113-41","CSEO",26,NA,2,NA,NA,6,23
99206,"SITKA",2019,2019-06-23,12,6,"M",190131,490,"Charter","black",113417,"113-41","CSEO",22,NA,2,NA,NA,6,23
99207,"SITKA",2019,2019-06-23,12,6,"M",190132,460,"Charter","black",113417,"113-41","CSEO",15,NA,2,NA,NA,6,23
99208,"SITKA",2019,2019-06-23,12,6,"F",190133,410,"Charter","black",113417,"113-41","CSEO",9,10,2,NA,NA,6,23
99209,"SITKA",2019,2019-06-23,12,6,"F",190134,400,"Charter","black",113417,"113-41","CSEO",9,NA,2,NA,NA,6,23
100202,"SITKA",2019,2019-06-26,13,6,"M",190135,440,"Charter","black",113450,"113-45","CSEO",16,NA,2,NA,NA,6,26
100203,"SITKA",2019,2019-06-26,13,6,"F",190136,470,"Charter","black",113450,"113-45","CSEO",11,NA,2,NA,NA,6,26
100204,"SITKA",2019,2019-06-26,13,6,"M",190137,350,"Charter","black",113450,"113-45","CSEO",6,NA,2,NA,NA,6,26
100205,"SITKA",2019,2019-06-26,13,6,"F",190138,390,"Charter","black",113450,"113-45","CSEO",7,7,2,NA,NA,6,26
100206,"SITKA",2019,2019-06-26,13,6,"F",190139,330,"Charter","black",113450,"113-45","CSEO",6,NA,2,NA,NA,6,26
100207,"SITKA",2019,2019-06-26,13,6,"M",190140,320,"Charter","black",113450,"113-45","CSEO",6,NA,2,NA,NA,6,26
100634,"SITKA",2019,2019-06-27,13,5,"M",190141,460,"Private","black",113417,"113-41","CSEO",12,NA,2,NA,NA,6,27
100635,"SITKA",2019,2019-06-27,13,5,"M",190142,470,"Private","black",113417,"113-41","CSEO",16,NA,2,NA,NA,6,27
100663,"SITKA",2019,2019-06-27,13,5,"M",190143,460,"Charter","black",113311,"113-31","CSEO",16,16,2,NA,NA,6,27
100664,"SITKA",2019,2019-06-27,13,5,"M",190144,440,"Charter","black",113311,"113-31","CSEO",28,NA,2,NA,NA,6,27
100665,"SITKA",2019,2019-06-27,13,5,"M",190145,440,"Charter","black",113311,"113-31","CSEO",27,NA,2,NA,NA,6,27
100666,"SITKA",2019,2019-06-27,13,5,"F",190146,480,"Charter","black",113311,"113-31","CSEO",18,NA,2,NA,NA,6,27
100667,"SITKA",2019,2019-06-27,13,5,"M",190147,300,"Charter","black",113311,"113-31","CSEO",6,NA,2,NA,NA,6,27
100668,"SITKA",2019,2019-06-27,13,5,"M",190148,420,"Charter","black",113311,"113-31","CSEO",18,NA,2,NA,NA,6,27
101145,"SITKA",2019,2019-06-28,13,8,"M",190149,590,"Private","black",113417,"113-41","CSEO",28,NA,2,NA,NA,6,28
101146,"SITKA",2019,2019-06-28,13,8,"M",190150,530,"Private","black",113417,"113-41","CSEO",18,NA,2,NA,NA,6,28
101149,"SITKA",2019,2019-06-28,13,8,"M",190151,480,"Private","black",113417,"113-41","CSEO",20,NA,2,NA,NA,6,28
101155,"SITKA",2019,2019-06-28,13,8,"M",190152,470,"Charter","black",113450,"113-45","CSEO",22,NA,2,NA,NA,6,28
101156,"SITKA",2019,2019-06-28,13,8,"M",190153,480,"Charter","black",113450,"113-45","CSEO",22,NA,2,NA,NA,6,28
101157,"SITKA",2019,2019-06-28,13,8,"M",190154,450,"Charter","black",113450,"113-45","CSEO",16,NA,2,NA,NA,6,28
101158,"SITKA",2019,2019-06-28,13,8,"M",190155,590,"Charter","black",113450,"113-45","CSEO",NA,NA,NA,NA,NA,6,28
101159,"SITKA",2019,2019-06-28,13,8,"M",190156,550,"Charter","black",113450,"113-45","CSEO",28,NA,1,NA,NA,6,28
101160,"SITKA",2019,2019-06-28,13,8,"M",190157,500,"Charter","black",113450,"113-45","CSEO",28,NA,2,NA,NA,6,28
101166,"SITKA",2019,2019-06-28,13,8,"M",190158,440,"Charter","black",113417,"113-41","CSEO",14,NA,2,NA,NA,6,28
101167,"SITKA",2019,2019-06-28,13,8,"M",190159,410,"Charter","black",113417,"113-41","CSEO",14,NA,2,NA,NA,6,28
101168,"SITKA",2019,2019-06-28,13,8,"F",190160,460,"Charter","black",113417,"113-41","CSEO",13,NA,2,NA,NA,6,28
101169,"SITKA",2019,2019-06-28,13,8,"F",190161,380,"Charter","black",113417,"113-41","CSEO",8,NA,2,NA,NA,6,28
101170,"SITKA",2019,2019-06-28,13,8,"F",190162,380,"Charter","black",113417,"113-41","CSEO",7,NA,2,NA,NA,6,28
101171,"SITKA",2019,2019-06-28,13,8,"M",190163,460,"Charter","black",113417,"113-41","CSEO",22,NA,1,NA,NA,6,28
101588,"SITKA",2019,2019-06-30,13,5,"M",190164,470,"Charter","black",365701,"365-70","CSEO",16,17,2,NA,NA,6,30
101589,"SITKA",2019,2019-06-30,13,5,"M",190165,530,"Charter","black",365701,"365-70","CSEO",33,NA,1,NA,NA,6,30
101590,"SITKA",2019,2019-06-30,13,5,"M",190166,540,"Charter","black",365701,"365-70","CSEO",27,NA,1,NA,NA,6,30
101591,"SITKA",2019,2019-06-30,13,5,"F",190167,490,"Charter","black",365701,"365-70","CSEO",17,NA,2,NA,NA,6,30
101592,"SITKA",2019,2019-06-30,13,5,"F",190168,530,"Charter","black",365701,"365-70","CSEO",17,NA,2,NA,NA,6,30
101593,"SITKA",2019,2019-06-30,13,5,"M",190169,500,"Charter","black",365701,"365-70","CSEO",17,NA,2,NA,NA,6,30
101601,"SITKA",2019,2019-06-30,13,5,"F",190170,430,"Charter","black",113450,"113-45","CSEO",12,NA,2,NA,NA,6,30
101602,"SITKA",2019,2019-06-30,13,5,"M",190171,400,"Charter","black",113450,"113-45","CSEO",11,11,2,NA,NA,6,30
101603,"SITKA",2019,2019-06-30,13,5,"M",190172,440,"Charter","black",113450,"113-45","CSEO",23,NA,2,NA,NA,6,30
101604,"SITKA",2019,2019-06-30,13,5,"F",190173,370,"Charter","black",113450,"113-45","CSEO",7,NA,2,NA,NA,6,30
101605,"SITKA",2019,2019-06-30,13,5,"F",190174,460,"Charter","black",113450,"113-45","CSEO",15,NA,2,NA,NA,6,30
101606,"SITKA",2019,2019-06-30,13,5,"F",190175,440,"Charter","black",113450,"113-45","CSEO",12,12,2,NA,NA,6,30
101629,"SITKA",2019,2019-06-30,13,5,"M",190176,330,"Charter","black",365701,"365-70","CSEO",6,NA,2,NA,NA,6,30
101630,"SITKA",2019,2019-06-30,13,5,"M",190177,320,"Charter","black",365701,"365-70","CSEO",6,NA,2,NA,NA,6,30
101631,"SITKA",2019,2019-06-30,13,5,"F",190178,320,"Charter","black",365701,"365-70","CSEO",5,NA,2,NA,NA,6,30
101632,"SITKA",2019,2019-06-30,13,5,"F",190179,390,"Charter","black",365701,"365-70","CSEO",7,7,2,NA,NA,6,30
101633,"SITKA",2019,2019-06-30,13,5,"M",190180,300,"Charter","black",365701,"365-70","CSEO",5,NA,2,NA,NA,6,30
101634,"SITKA",2019,2019-06-30,13,5,"M",190181,340,"Charter","black",365701,"365-70","CSEO",6,NA,2,NA,NA,6,30
101622,"SITKA",2019,2019-06-30,13,5,"F",190182,410,"Charter","black",113417,"113-41","CSEO",9,NA,2,NA,NA,6,30
101623,"SITKA",2019,2019-06-30,13,5,"M",190183,440,"Charter","black",113417,"113-41","CSEO",14,14,2,NA,NA,6,30
101624,"SITKA",2019,2019-06-30,13,5,"M",190184,440,"Charter","black",113417,"113-41","CSEO",14,NA,2,NA,NA,6,30
101625,"SITKA",2019,2019-06-30,13,5,"M",190185,440,"Charter","black",113417,"113-41","CSEO",15,NA,2,NA,NA,6,30
101626,"SITKA",2019,2019-06-30,13,5,"M",190186,460,"Charter","black",113417,"113-41","CSEO",26,NA,2,NA,NA,6,30
101627,"SITKA",2019,2019-06-30,13,5,"M",190187,410,"Charter","black",113417,"113-41","CSEO",8,8,2,NA,NA,6,30
100412,"SITKA",2019,2019-06-27,13,6,"F",190188,370,"Charter","black",113417,"113-41","CSEO",6,NA,2,NA,NA,6,27
100413,"SITKA",2019,2019-06-27,13,6,"F",190189,440,"Charter","black",113417,"113-41","CSEO",13,NA,2,NA,NA,6,27
100414,"SITKA",2019,2019-06-27,13,6,"F",190190,440,"Charter","black",113417,"113-41","CSEO",5,NA,2,NA,NA,6,27
100415,"SITKA",2019,2019-06-27,13,6,"M",190191,390,"Charter","black",113417,"113-41","CSEO",7,NA,2,NA,NA,6,27
100416,"SITKA",2019,2019-06-27,13,6,"F",190192,320,"Charter","black",113417,"113-41","CSEO",6,NA,2,NA,NA,6,27
100417,"SITKA",2019,2019-06-27,13,6,"F",190193,310,"Charter","black",113417,"113-41","CSEO",5,5,2,NA,NA,6,27
101176,"SITKA",2019,2019-06-29,13,8,"F",190194,390,"Private","black",113417,"113-41","CSEO",8,8,2,NA,NA,6,29
101178,"SITKA",2019,2019-06-29,13,8,"F",190195,490,"Charter","black",113417,"113-41","CSEO",14,NA,1,NA,NA,6,29
101187,"SITKA",2019,2019-06-29,13,8,"M",190196,540,"Private","black",113417,"113-41","CSEO",28,NA,1,NA,NA,6,29
100157,"SITKA",2019,2019-06-26,13,6,"M",190197,420,"Charter","black",113417,"113-41","CSEO",17,NA,2,NA,NA,6,26
100158,"SITKA",2019,2019-06-26,13,6,"M",190198,330,"Charter","black",113417,"113-41","CSEO",6,NA,2,NA,NA,6,26
100159,"SITKA",2019,2019-06-26,13,6,"M",190199,320,"Charter","black",113417,"113-41","CSEO",5,NA,2,NA,NA,6,26
100160,"SITKA",2019,2019-06-26,13,6,"F",190200,350,"Charter","black",113417,"113-41","CSEO",6,NA,2,NA,NA,6,26
100161,"SITKA",2019,2019-06-26,13,6,"M",190201,470,"Charter","black",113417,"113-41","CSEO",24,NA,2,NA,NA,6,26
100173,"SITKA",2019,2019-06-26,13,6,"M",190202,470,"Charter","black",113450,"113-45","CSEO",15,NA,2,NA,NA,6,26
100174,"SITKA",2019,2019-06-26,13,6,"M",190203,470,"Charter","black",113450,"113-45","CSEO",26,NA,2,NA,NA,6,26
100175,"SITKA",2019,2019-06-26,13,6,"M",190204,420,"Charter","black",113450,"113-45","CSEO",14,NA,2,NA,NA,6,26
100176,"SITKA",2019,2019-06-26,13,6,"M",190205,440,"Charter","black",113450,"113-45","CSEO",15,NA,2,NA,NA,6,26
100177,"SITKA",2019,2019-06-26,13,6,"M",190206,430,"Charter","black",113450,"113-45","CSEO",16,NA,2,NA,NA,6,26
100178,"SITKA",2019,2019-06-26,13,6,"F",190207,340,"Charter","black",113450,"113-45","CSEO",7,7,2,NA,NA,6,26
103644,"SITKA",2019,2019-07-05,13,3,"F",190208,400,"Private","black",113416,"113-41","CSEO",13,13,2,NA,NA,7,5
103645,"SITKA",2019,2019-07-05,13,3,"F",190209,340,"Private","black",113416,"113-41","CSEO",6,NA,2,NA,NA,7,5
103646,"SITKA",2019,2019-07-05,13,3,"M",190210,430,"Private","black",113416,"113-41","CSEO",13,NA,2,NA,NA,7,5
103647,"SITKA",2019,2019-07-05,13,3,"M",190211,510,"Private","black",113416,"113-41","CSEO",36,NA,1,NA,NA,7,5
103648,"SITKA",2019,2019-07-05,13,3,"F",190212,410,"Private","black",113416,"113-41","CSEO",8,8,2,NA,NA,7,5
103649,"SITKA",2019,2019-07-05,13,3,"F",190213,440,"Private","black",113416,"113-41","CSEO",17,17,2,NA,NA,7,5
104137,"SITKA",2019,2019-07-07,13,3,"F",190214,540,"Charter","black",365701,"365-70","CSEO",15,NA,2,NA,NA,7,7
104138,"SITKA",2019,2019-07-07,13,3,"M",190215,510,"Charter","black",365701,"365-70","CSEO",17,NA,2,NA,NA,7,7
104139,"SITKA",2019,2019-07-07,13,3,"M",190216,510,"Charter","black",365701,"365-70","CSEO",27,26,1,NA,NA,7,7
104140,"SITKA",2019,2019-07-07,13,3,"M",190217,530,"Charter","black",365701,"365-70","CSEO",18,NA,1,NA,NA,7,7
104141,"SITKA",2019,2019-07-07,13,3,"M",190218,580,"Charter","black",365701,"365-70","CSEO",NA,NA,NA,NA,NA,7,7
104142,"SITKA",2019,2019-07-07,13,3,"M",190219,520,"Charter","black",365701,"365-70","CSEO",37,NA,1,NA,NA,7,7
104143,"SITKA",2019,2019-07-07,13,3,"M",190220,570,"Charter","black",365701,"365-70","CSEO",28,29,1,NA,NA,7,7
103482,"SITKA",2019,2019-07-06,13,5,"F",190221,500,"Charter","black",113450,"113-45","CSEO",14,NA,2,NA,NA,7,6
103483,"SITKA",2019,2019-07-06,13,5,"M",190222,520,"Charter","black",113450,"113-45","CSEO",13,NA,2,NA,NA,7,6
103484,"SITKA",2019,2019-07-06,13,5,"F",190223,530,"Charter","black",113450,"113-45","CSEO",28,28,2,NA,NA,7,6
103485,"SITKA",2019,2019-07-06,13,5,"M",190224,540,"Charter","black",113450,"113-45","CSEO",22,NA,2,NA,NA,7,6
103486,"SITKA",2019,2019-07-06,13,5,"M",190225,480,"Charter","black",113450,"113-45","CSEO",22,NA,2,NA,NA,7,6
103487,"SITKA",2019,2019-07-06,13,5,"M",190226,540,"Charter","black",113450,"113-45","CSEO",29,NA,2,NA,NA,7,6
103504,"SITKA",2019,2019-07-06,13,5,"F",190227,480,"Charter","black",113450,"113-45","CSEO",12,12,2,NA,NA,7,6
103505,"SITKA",2019,2019-07-06,13,5,"F",190228,540,"Charter","black",113450,"113-45","CSEO",17,NA,2,NA,NA,7,6
103506,"SITKA",2019,2019-07-06,13,5,"M",190229,580,"Charter","black",113450,"113-45","CSEO",29,NA,1,NA,NA,7,6
104202,"SITKA",2019,2019-07-07,13,9,"M",190230,370,"Charter","black",113417,"113-41","CSEO",6,NA,2,NA,NA,7,7
104203,"SITKA",2019,2019-07-07,13,9,"M",190231,430,"Charter","black",113417,"113-41","CSEO",16,NA,2,NA,NA,7,7
104204,"SITKA",2019,2019-07-07,13,9,"M",190232,460,"Charter","black",113417,"113-41","CSEO",22,NA,2,NA,NA,7,7
104205,"SITKA",2019,2019-07-07,13,9,"M",190233,550,"Charter","black",113417,"113-41","CSEO",16,NA,2,NA,NA,7,7
104206,"SITKA",2019,2019-07-07,13,9,"M",190234,460,"Charter","black",113417,"113-41","CSEO",20,NA,2,NA,NA,7,7
104207,"SITKA",2019,2019-07-07,13,9,"F",190235,480,"Charter","black",113417,"113-41","CSEO",15,15,2,NA,NA,7,7
104208,"SITKA",2019,2019-07-07,13,9,"F",190236,450,"Charter","black",113417,"113-41","CSEO",14,NA,2,NA,NA,7,7
104209,"SITKA",2019,2019-07-07,13,9,"F",190237,390,"Charter","black",113417,"113-41","CSEO",7,NA,2,NA,NA,7,7
104210,"SITKA",2019,2019-07-07,13,9,"M",190238,460,"Charter","black",113417,"113-41","CSEO",16,NA,2,NA,NA,7,7
104211,"SITKA",2019,2019-07-07,13,9,"F",190239,400,"Charter","black",113417,"113-41","CSEO",10,NA,2,NA,NA,7,7
104212,"SITKA",2019,2019-07-07,13,9,"M",190240,460,"Charter","black",113417,"113-41","CSEO",18,18,2,NA,NA,7,7
104217,"SITKA",2019,2019-07-07,13,9,"M",190241,330,"Charter","black",365630,"365-63","CSEO",6,NA,2,NA,NA,7,7
104218,"SITKA",2019,2019-07-07,13,9,"F",190242,490,"Charter","black",365630,"365-63","CSEO",17,NA,2,NA,NA,7,7
104219,"SITKA",2019,2019-07-07,13,9,"M",190243,370,"Charter","black",365630,"365-63","CSEO",6,NA,2,NA,NA,7,7
104220,"SITKA",2019,2019-07-07,13,9,"F",190244,370,"Charter","black",365630,"365-63","CSEO",6,NA,2,NA,NA,7,7
104221,"SITKA",2019,2019-07-07,13,9,"M",190245,510,"Charter","black",365630,"365-63","CSEO",22,NA,2,NA,NA,7,7
104222,"SITKA",2019,2019-07-07,13,9,"M",190246,320,"Charter","black",365630,"365-63","CSEO",6,NA,2,NA,NA,7,7
104223,"SITKA",2019,2019-07-07,13,9,"M",190247,360,"Charter","black",365630,"365-63","CSEO",6,NA,2,NA,NA,7,7
104246,"SITKA",2019,2019-07-07,13,9,"M",190248,480,"Charter","black",365701,"365-70","CSEO",17,NA,2,NA,NA,7,7
104247,"SITKA",2019,2019-07-07,13,9,"M",190249,510,"Charter","black",365701,"365-70","CSEO",13,NA,2,NA,NA,7,7
104248,"SITKA",2019,2019-07-07,13,9,"F",190250,500,"Charter","black",365701,"365-70","CSEO",12,NA,2,NA,NA,7,7
104249,"SITKA",2019,2019-07-07,13,9,"F",190251,520,"Charter","black",365701,"365-70","CSEO",15,NA,2,NA,NA,7,7
104250,"SITKA",2019,2019-07-07,13,9,"F",190252,510,"Charter","black",365701,"365-70","CSEO",14,NA,2,NA,NA,7,7
104251,"SITKA",2019,2019-07-07,13,9,"F",190253,470,"Charter","black",365701,"365-70","CSEO",11,NA,2,NA,NA,7,7
104252,"SITKA",2019,2019-07-07,13,9,"F",190254,490,"Charter","black",365701,"365-70","CSEO",11,NA,2,NA,NA,7,7
104253,"SITKA",2019,2019-07-07,13,9,"F",190255,540,"Charter","black",365701,"365-70","CSEO",18,NA,1,NA,NA,7,7
104254,"SITKA",2019,2019-07-07,13,9,"M",190256,480,"Charter","black",365701,"365-70","CSEO",15,NA,2,NA,NA,7,7
104255,"SITKA",2019,2019-07-07,13,9,"F",190257,460,"Charter","black",365701,"365-70","CSEO",13,NA,2,NA,NA,7,7
104256,"SITKA",2019,2019-07-07,13,9,"M",190258,520,"Charter","black",365701,"365-70","CSEO",20,NA,1,NA,NA,7,7
104257,"SITKA",2019,2019-07-07,13,9,"F",190259,530,"Charter","black",365701,"365-70","CSEO",14,NA,2,NA,NA,7,7
104258,"SITKA",2019,2019-07-07,13,9,"F",190260,490,"Charter","black",365701,"365-70","CSEO",13,NA,2,NA,NA,7,7
104259,"SITKA",2019,2019-07-07,13,9,"F",190261,520,"Charter","black",365701,"365-70","CSEO",18,18,1,NA,NA,7,7
104260,"SITKA",2019,2019-07-07,13,9,"F",190262,480,"Charter","black",365701,"365-70","CSEO",13,NA,2,NA,NA,7,7
104261,"SITKA",2019,2019-07-07,13,9,"M",190263,480,"Charter","black",113417,"113-41","CSEO",11,NA,2,NA,NA,7,7
104262,"SITKA",2019,2019-07-07,13,9,"M",190264,490,"Charter","black",113417,"113-41","CSEO",13,NA,2,NA,NA,7,7
104263,"SITKA",2019,2019-07-07,13,9,"M",190265,510,"Charter","black",113417,"113-41","CSEO",17,NA,2,NA,NA,7,7
105211,"SITKA",2019,2019-07-10,14,8,"M",190266,490,"Charter","black",113311,"113-31","CSEO",20,20,2,NA,NA,7,10
105212,"SITKA",2019,2019-07-10,14,8,"M",190267,410,"Charter","black",113311,"113-31","CSEO",8,NA,2,NA,NA,7,10
105213,"SITKA",2019,2019-07-10,14,8,"M",190268,490,"Charter","black",113311,"113-31","CSEO",14,NA,2,NA,NA,7,10
105214,"SITKA",2019,2019-07-10,14,8,"F",190269,470,"Charter","black",113311,"113-31","CSEO",13,NA,2,NA,NA,7,10
105215,"SITKA",2019,2019-07-10,14,8,"M",190270,440,"Charter","black",113311,"113-31","CSEO",9,9,2,NA,NA,7,10
105216,"SITKA",2019,2019-07-10,14,8,"M",190271,430,"Charter","black",113311,"113-31","CSEO",9,NA,2,NA,NA,7,10
105888,"SITKA",2019,2019-07-12,14,9,"M",190272,470,"Private","black",113311,"113-31","CSEO",12,NA,2,NA,NA,7,12
105889,"SITKA",2019,2019-07-12,14,9,"F",190273,460,"Private","black",113311,"113-31","CSEO",12,12,2,NA,NA,7,12
106579,"SITKA",2019,2019-07-14,14,1,"M",190274,540,"Charter","black",113417,"113-41","CSEO",39,39,1,NA,NA,7,14
106580,"SITKA",2019,2019-07-14,14,1,"M",190275,510,"Charter","black",113417,"113-41","CSEO",14,NA,2,NA,NA,7,14
106581,"SITKA",2019,2019-07-14,14,1,"M",190276,530,"Charter","black",113417,"113-41","CSEO",26,NA,1,NA,NA,7,14
106582,"SITKA",2019,2019-07-14,14,1,"M",190277,500,"Charter","black",113417,"113-41","CSEO",17,17,2,NA,NA,7,14
106583,"SITKA",2019,2019-07-14,14,1,"F",190278,510,"Charter","black",113417,"113-41","CSEO",15,NA,2,NA,NA,7,14
106584,"SITKA",2019,2019-07-14,14,1,"M",190279,500,"Charter","black",113417,"113-41","CSEO",20,19,1,NA,NA,7,14
106859,"SITKA",2019,2019-07-14,14,8,"M",190280,470,"Charter","black",113311,"113-31","CSEO",14,NA,2,NA,NA,7,14
106860,"SITKA",2019,2019-07-14,14,8,"M",190281,460,"Charter","black",113311,"113-31","CSEO",20,NA,2,NA,NA,7,14
106861,"SITKA",2019,2019-07-14,14,8,"F",190282,530,"Charter","black",113311,"113-31","CSEO",22,NA,2,NA,NA,7,14
106862,"SITKA",2019,2019-07-14,14,8,"F",190283,490,"Charter","black",113311,"113-31","CSEO",24,NA,2,NA,NA,7,14
106863,"SITKA",2019,2019-07-14,14,8,"M",190284,440,"Charter","black",113311,"113-31","CSEO",16,NA,2,NA,NA,7,14
106864,"SITKA",2019,2019-07-14,14,8,"M",190285,470,"Charter","black",113311,"113-31","CSEO",15,NA,2,NA,NA,7,14
106865,"SITKA",2019,2019-07-14,14,8,"F",190286,470,"Charter","black",113311,"113-31","CSEO",18,NA,2,NA,NA,7,14
106866,"SITKA",2019,2019-07-14,14,8,"F",190287,510,"Charter","black",113311,"113-31","CSEO",22,NA,2,NA,NA,7,14
106867,"SITKA",2019,2019-07-14,14,8,"F",190288,570,"Charter","black",113311,"113-31","CSEO",24,24,2,NA,NA,7,14
106868,"SITKA",2019,2019-07-14,14,8,"F",190289,440,"Charter","black",113311,"113-31","CSEO",6,NA,2,NA,NA,7,14
106869,"SITKA",2019,2019-07-14,14,8,"M",190290,460,"Charter","black",113311,"113-31","CSEO",14,14,2,NA,NA,7,14
106870,"SITKA",2019,2019-07-14,14,8,"M",190291,460,"Charter","black",113311,"113-31","CSEO",24,24,2,NA,NA,7,14
106871,"SITKA",2019,2019-07-14,14,8,"M",190292,470,"Charter","black",113311,"113-31","CSEO",20,20,1,NA,NA,7,14
106872,"SITKA",2019,2019-07-14,14,8,"M",190293,490,"Charter","black",113311,"113-31","CSEO",29,30,2,NA,NA,7,14
106873,"SITKA",2019,2019-07-14,14,8,"M",190294,450,"Charter","black",113311,"113-31","CSEO",28,NA,2,NA,NA,7,14
107821,"SITKA",2019,2019-07-18,14,5,"M",190295,500,"Charter","black",113311,"113-31","CSEO",17,NA,2,NA,NA,7,18
107822,"SITKA",2019,2019-07-18,14,5,"F",190296,380,"Charter","black",113311,"113-31","CSEO",6,6,2,NA,NA,7,18
107823,"SITKA",2019,2019-07-18,14,5,"M",190297,480,"Charter","black",113311,"113-31","CSEO",13,NA,2,NA,NA,7,18
107824,"SITKA",2019,2019-07-18,14,5,"F",190298,600,"Charter","black",113311,"113-31","CSEO",22,NA,2,NA,NA,7,18
107825,"SITKA",2019,2019-07-18,14,5,"F",190299,370,"Charter","black",113311,"113-31","CSEO",6,NA,2,NA,NA,7,18
107826,"SITKA",2019,2019-07-18,14,5,"M",190300,430,"Charter","black",113311,"113-31","CSEO",17,NA,2,NA,NA,7,18
107827,"SITKA",2019,2019-07-18,14,5,"M",190301,470,"Charter","black",113311,"113-31","CSEO",21,NA,2,NA,NA,7,18
107828,"SITKA",2019,2019-07-18,14,5,"M",190302,460,"Charter","black",113311,"113-31","CSEO",15,NA,2,NA,NA,7,18
107829,"SITKA",2019,2019-07-18,14,5,"M",190303,440,"Charter","black",113311,"113-31","CSEO",14,NA,2,NA,NA,7,18
107830,"SITKA",2019,2019-07-18,14,5,"M",190304,450,"Charter","black",113311,"113-31","CSEO",16,16,2,NA,NA,7,18
107831,"SITKA",2019,2019-07-18,14,5,"M",190305,450,"Charter","black",113311,"113-31","CSEO",15,NA,2,NA,NA,7,18
107832,"SITKA",2019,2019-07-18,14,5,"F",190306,440,"Charter","black",113311,"113-31","CSEO",13,NA,2,NA,NA,7,18
107833,"SITKA",2019,2019-07-18,14,5,"F",190307,420,"Charter","black",113311,"113-31","CSEO",12,NA,2,NA,NA,7,18
107834,"SITKA",2019,2019-07-18,14,5,"F",190308,450,"Charter","black",113311,"113-31","CSEO",13,NA,2,NA,NA,7,18
107835,"SITKA",2019,2019-07-18,14,5,"M",190309,440,"Charter","black",113311,"113-31","CSEO",18,NA,2,NA,NA,7,18
108916,"SITKA",2019,2019-07-19,14,8,"F",190310,560,"Charter","black",113450,"113-45","CSEO",17,NA,2,NA,NA,7,19
108917,"SITKA",2019,2019-07-19,14,8,"F",190311,460,"Charter","black",113450,"113-45","CSEO",10,NA,2,NA,NA,7,19
108918,"SITKA",2019,2019-07-19,14,8,"M",190312,450,"Charter","black",113450,"113-45","CSEO",9,NA,1,NA,NA,7,19
108919,"SITKA",2019,2019-07-19,14,8,"M",190313,480,"Charter","black",113450,"113-45","CSEO",13,NA,2,NA,NA,7,19
108920,"SITKA",2019,2019-07-19,14,8,"M",190314,510,"Charter","black",113450,"113-45","CSEO",22,NA,2,NA,NA,7,19
108921,"SITKA",2019,2019-07-19,14,8,"M",190315,480,"Charter","black",113450,"113-45","CSEO",17,NA,2,NA,NA,7,19
108922,"SITKA",2019,2019-07-19,14,8,"F",190316,430,"Charter","black",113450,"113-45","CSEO",14,NA,2,NA,NA,7,19
108923,"SITKA",2019,2019-07-19,14,8,"M",190317,380,"Charter","black",113450,"113-45","CSEO",6,NA,2,NA,NA,7,19
108924,"SITKA",2019,2019-07-19,14,8,"M",190318,370,"Charter","black",113450,"113-45","CSEO",6,NA,2,NA,NA,7,19
110972,"SITKA",2019,2019-07-27,15,5,"F",190319,550,"Charter","black",365701,"365-70","CSEO",13,NA,2,NA,NA,7,27
110973,"SITKA",2019,2019-07-27,15,5,"F",190320,480,"Charter","black",365701,"365-70","CSEO",17,NA,2,NA,NA,7,27
110974,"SITKA",2019,2019-07-27,15,5,"M",190321,540,"Charter","black",365701,"365-70","CSEO",36,NA,1,NA,NA,7,27
110975,"SITKA",2019,2019-07-27,15,5,"M",190322,490,"Charter","black",365701,"365-70","CSEO",23,NA,1,NA,NA,7,27
111778,"SITKA",2019,2019-07-31,15,8,"F",190323,400,"Private","black",113210,"113-21","CSEO",12,NA,2,NA,NA,7,31
111779,"SITKA",2019,2019-07-31,15,8,"F",190324,390,"Private","black",113210,"113-21","CSEO",22,NA,2,NA,NA,7,31
111780,"SITKA",2019,2019-07-31,15,8,"F",190325,400,"Private","black",113210,"113-21","CSEO",9,NA,2,NA,NA,7,31
111781,"SITKA",2019,2019-07-31,15,8,"M",190326,430,"Private","black",113210,"113-21","CSEO",15,NA,2,NA,NA,7,31
111786,"SITKA",2019,2019-07-31,15,8,"M",190327,450,"Charter","black",113210,"113-21","CSEO",22,NA,2,NA,NA,7,31
111787,"SITKA",2019,2019-07-31,15,8,"M",190328,430,"Charter","black",113210,"113-21","CSEO",24,NA,2,NA,NA,7,31
111788,"SITKA",2019,2019-07-31,15,8,"F",190329,510,"Charter","black",113210,"113-21","CSEO",22,NA,2,NA,NA,7,31
111789,"SITKA",2019,2019-07-31,15,8,"F",190330,450,"Charter","black",113210,"113-21","CSEO",10,10,2,NA,NA,7,31
111790,"SITKA",2019,2019-07-31,15,8,"F",190331,480,"Charter","black",113210,"113-21","CSEO",22,NA,2,NA,NA,7,31
111791,"SITKA",2019,2019-07-31,15,8,"F",190332,440,"Charter","black",113210,"113-21","CSEO",17,NA,2,NA,NA,7,31
111794,"SITKA",2019,2019-07-31,15,8,"F",190333,470,"Charter","black",113210,"113-21","CSEO",11,10,2,NA,NA,7,31
111795,"SITKA",2019,2019-07-31,15,8,"M",190334,430,"Charter","black",113210,"113-21","CSEO",16,16,2,NA,NA,7,31
111796,"SITKA",2019,2019-07-31,15,8,"M",190335,440,"Charter","black",113210,"113-21","CSEO",13,15,2,NA,NA,7,31
111797,"SITKA",2019,2019-07-31,15,8,"M",190336,480,"Charter","black",113210,"113-21","CSEO",27,NA,2,NA,NA,7,31
111798,"SITKA",2019,2019-07-31,15,8,"M",190337,430,"Charter","black",113210,"113-21","CSEO",22,NA,2,NA,NA,7,31
111799,"SITKA",2019,2019-07-31,15,8,"M",190338,440,"Charter","black",113210,"113-21","CSEO",32,NA,2,NA,NA,7,31
111800,"SITKA",2019,2019-07-31,15,8,"F",190339,430,"Charter","black",113210,"113-21","CSEO",10,NA,2,NA,NA,7,31
111801,"SITKA",2019,2019-07-31,15,8,"M",190340,450,"Charter","black",113210,"113-21","CSEO",18,NA,2,NA,NA,7,31
111802,"SITKA",2019,2019-07-31,15,8,"M",190341,440,"Charter","black",113210,"113-21","CSEO",22,NA,2,NA,NA,7,31
111803,"SITKA",2019,2019-07-31,15,8,"F",190342,390,"Charter","black",113210,"113-21","CSEO",10,NA,2,NA,NA,7,31
111804,"SITKA",2019,2019-07-31,15,8,"F",190343,420,"Charter","black",113210,"113-21","CSEO",11,11,2,NA,NA,7,31
112275,"SITKA",2019,2019-08-02,15,9,"F",190344,485,"Charter","black",113450,"113-45","CSEO",13,13,2,NA,NA,8,2
112677,"SITKA",2019,2019-08-04,15,6,"F",190345,400,"Charter","black",113417,"113-41","CSEO",9,NA,2,NA,NA,8,4
112678,"SITKA",2019,2019-08-04,15,6,"M",190346,405,"Charter","black",113417,"113-41","CSEO",13,NA,2,NA,NA,8,4
112679,"SITKA",2019,2019-08-04,15,6,"M",190347,420,"Charter","black",113417,"113-41","CSEO",13,NA,2,NA,NA,8,4
112680,"SITKA",2019,2019-08-04,15,6,"M",190348,410,"Charter","black",113417,"113-41","CSEO",24,NA,2,NA,NA,8,4
112681,"SITKA",2019,2019-08-04,15,6,"M",190349,420,"Charter","black",113417,"113-41","CSEO",22,NA,2,NA,NA,8,4
112682,"SITKA",2019,2019-08-04,15,6,"M",190350,425,"Charter","black",113417,"113-41","CSEO",21,NA,2,NA,NA,8,4
112683,"SITKA",2019,2019-08-04,15,6,"M",190351,390,"Charter","black",113417,"113-41","CSEO",8,8,2,NA,NA,8,4
112684,"SITKA",2019,2019-08-04,15,6,"M",190352,415,"Charter","black",113417,"113-41","CSEO",17,17,2,NA,NA,8,4
112685,"SITKA",2019,2019-08-04,15,6,"M",190353,430,"Charter","black",113417,"113-41","CSEO",16,16,2,NA,NA,8,4
112686,"SITKA",2019,2019-08-04,15,6,"M",190354,400,"Charter","black",113417,"113-41","CSEO",16,NA,2,NA,NA,8,4
112687,"SITKA",2019,2019-08-04,15,6,"M",190355,430,"Charter","black",113417,"113-41","CSEO",13,NA,2,NA,NA,8,4
112688,"SITKA",2019,2019-08-04,15,6,"M",190356,410,"Charter","black",113417,"113-41","CSEO",13,NA,2,NA,NA,8,4
112689,"SITKA",2019,2019-08-04,15,6,"F",190357,405,"Charter","black",113417,"113-41","CSEO",10,NA,2,NA,NA,8,4
112690,"SITKA",2019,2019-08-04,15,6,"F",190358,380,"Charter","black",113417,"113-41","CSEO",8,NA,2,NA,NA,8,4
112691,"SITKA",2019,2019-08-04,15,6,"M",190359,410,"Charter","black",113417,"113-41","CSEO",9,NA,2,NA,NA,8,4
112717,"SITKA",2019,2019-08-04,15,6,"F",190360,430,"Charter","black",113417,"113-41","CSEO",13,13,2,NA,NA,8,4
112718,"SITKA",2019,2019-08-04,15,6,"M",190361,470,"Charter","black",113417,"113-41","CSEO",16,NA,2,NA,NA,8,4
112719,"SITKA",2019,2019-08-04,15,6,"M",190362,500,"Charter","black",113417,"113-41","CSEO",19,NA,2,NA,NA,8,4
112720,"SITKA",2019,2019-08-04,15,6,"M",190363,460,"Charter","black",113417,"113-41","CSEO",16,NA,2,NA,NA,8,4
112721,"SITKA",2019,2019-08-04,15,6,"M",190364,510,"Charter","black",113417,"113-41","CSEO",22,NA,2,NA,NA,8,4
112722,"SITKA",2019,2019-08-04,15,6,"M",190365,455,"Charter","black",113417,"113-41","CSEO",11,NA,2,NA,NA,8,4
112723,"SITKA",2019,2019-08-04,15,6,"M",190366,470,"Charter","black",113417,"113-41","CSEO",15,NA,2,NA,NA,8,4
112724,"SITKA",2019,2019-08-04,15,6,"F",190367,515,"Charter","black",113417,"113-41","CSEO",14,NA,2,NA,NA,8,4
112725,"SITKA",2019,2019-08-04,15,6,"M",190368,495,"Charter","black",113417,"113-41","CSEO",22,22,2,NA,NA,8,4
112726,"SITKA",2019,2019-08-04,15,6,"F",190369,470,"Charter","black",113417,"113-41","CSEO",13,NA,2,NA,NA,8,4
112727,"SITKA",2019,2019-08-04,15,6,"M",190370,450,"Charter","black",113417,"113-41","CSEO",14,NA,2,NA,NA,8,4
112728,"SITKA",2019,2019-08-04,15,6,"M",190371,430,"Charter","black",113417,"113-41","CSEO",8,9,2,NA,NA,8,4
112671,"SITKA",2019,2019-08-04,15,1,"M",190372,440,"Charter","black",113416,"113-41","CSEO",20,NA,2,NA,NA,8,4
112672,"SITKA",2019,2019-08-04,15,1,"M",190373,440,"Charter","black",113416,"113-41","CSEO",17,NA,2,NA,NA,8,4
112673,"SITKA",2019,2019-08-04,15,1,"F",190374,350,"Charter","black",113416,"113-41","CSEO",6,NA,2,NA,NA,8,4
112674,"SITKA",2019,2019-08-04,15,1,"M",190375,450,"Charter","black",113416,"113-41","CSEO",22,NA,2,NA,NA,8,4
112675,"SITKA",2019,2019-08-04,15,1,"M",190376,470,"Charter","black",113416,"113-41","CSEO",28,NA,2,NA,NA,8,4
112676,"SITKA",2019,2019-08-04,15,1,"M",190377,460,"Charter","black",113416,"113-41","CSEO",16,NA,2,NA,NA,8,4
113459,"SITKA",2019,2019-08-07,16,6,"M",190378,460,"Charter","black",113311,"113-31","CSEO",12,NA,2,NA,NA,8,7
113460,"SITKA",2019,2019-08-07,16,6,"F",190379,480,"Charter","black",113311,"113-31","CSEO",15,NA,2,NA,NA,8,7
113461,"SITKA",2019,2019-08-07,16,6,"M",190380,460,"Charter","black",113311,"113-31","CSEO",15,NA,2,NA,NA,8,7
113462,"SITKA",2019,2019-08-07,16,6,"F",190381,460,"Charter","black",113311,"113-31","CSEO",14,NA,2,NA,NA,8,7
113463,"SITKA",2019,2019-08-07,16,6,"F",190382,420,"Charter","black",113311,"113-31","CSEO",9,NA,2,NA,NA,8,7
113464,"SITKA",2019,2019-08-07,16,6,"F",190383,460,"Charter","black",113311,"113-31","CSEO",13,13,2,NA,NA,8,7
113465,"SITKA",2019,2019-08-07,16,6,"M",190384,430,"Charter","black",113311,"113-31","CSEO",14,NA,2,NA,NA,8,7
113466,"SITKA",2019,2019-08-07,16,6,"M",190385,450,"Charter","black",113311,"113-31","CSEO",15,NA,2,NA,NA,8,7
113467,"SITKA",2019,2019-08-07,16,6,"M",190386,410,"Charter","black",113311,"113-31","CSEO",10,NA,2,NA,NA,8,7
113468,"SITKA",2019,2019-08-07,16,6,"M",190387,430,"Charter","black",113311,"113-31","CSEO",14,NA,2,NA,NA,8,7
113469,"SITKA",2019,2019-08-07,16,6,"M",190388,470,"Charter","black",113311,"113-31","CSEO",22,NA,2,NA,NA,8,7
113470,"SITKA",2019,2019-08-07,16,6,"F",190389,480,"Charter","black",113311,"113-31","CSEO",16,NA,2,NA,NA,8,7
113823,"SITKA",2019,2019-08-08,16,5,"F",190390,580,"Charter","black",365701,"365-70","CSEO",20,NA,2,NA,NA,8,8
113830,"SITKA",2019,2019-08-08,16,5,"M",190391,460,"Charter","black",365701,"365-70","CSEO",26,NA,2,NA,NA,8,8
113831,"SITKA",2019,2019-08-08,16,5,"M",190392,315,"Charter","black",365701,"365-70","CSEO",6,NA,2,NA,NA,8,8
113832,"SITKA",2019,2019-08-08,16,5,"M",190393,425,"Charter","black",365701,"365-70","CSEO",15,NA,2,NA,NA,8,8
113833,"SITKA",2019,2019-08-08,16,5,"M",190394,480,"Charter","black",365701,"365-70","CSEO",23,NA,2,NA,NA,8,8
113809,"SITKA",2019,2019-08-08,16,5,"M",190395,455,"Charter","black",113416,"113-41","CSEO",22,NA,2,NA,NA,8,8
113810,"SITKA",2019,2019-08-08,16,5,"M",190396,480,"Charter","black",113416,"113-41","CSEO",26,NA,2,NA,NA,8,8
113811,"SITKA",2019,2019-08-08,16,5,"M",190397,495,"Charter","black",113416,"113-41","CSEO",28,NA,2,NA,NA,8,8
113812,"SITKA",2019,2019-08-08,16,5,"M",190398,480,"Charter","black",113416,"113-41","CSEO",24,NA,2,NA,NA,8,8
113813,"SITKA",2019,2019-08-08,16,5,"M",190399,390,"Charter","black",113416,"113-41","CSEO",12,13,2,NA,NA,8,8
114130,"SITKA",2019,2019-08-09,16,11,"M",190400,410,"Charter","black",113417,"113-41","CSEO",13,NA,2,NA,NA,8,9
114131,"SITKA",2019,2019-08-09,16,11,"M",190401,350,"Charter","black",113417,"113-41","CSEO",6,NA,2,NA,NA,8,9
114132,"SITKA",2019,2019-08-09,16,11,"F",190402,430,"Charter","black",113417,"113-41","CSEO",15,NA,2,NA,NA,8,9
114133,"SITKA",2019,2019-08-09,16,11,"F",190403,455,"Charter","black",113417,"113-41","CSEO",16,NA,2,NA,NA,8,9
114157,"SITKA",2019,2019-08-09,16,11,"M",190404,445,"Charter","black",113417,"113-41","CSEO",15,NA,2,NA,NA,8,9
114158,"SITKA",2019,2019-08-09,16,11,"F",190405,480,"Charter","black",113417,"113-41","CSEO",13,NA,2,NA,NA,8,9
114159,"SITKA",2019,2019-08-09,16,11,"M",190406,430,"Charter","black",113417,"113-41","CSEO",14,NA,2,NA,NA,8,9
114160,"SITKA",2019,2019-08-09,16,11,"M",190407,335,"Charter","black",113417,"113-41","CSEO",6,NA,2,NA,NA,8,9
114161,"SITKA",2019,2019-08-09,16,11,"M",190408,425,"Charter","black",113417,"113-41","CSEO",12,NA,2,NA,NA,8,9
114162,"SITKA",2019,2019-08-09,16,11,"F",190409,420,"Charter","black",113417,"113-41","CSEO",15,NA,2,NA,NA,8,9
114163,"SITKA",2019,2019-08-09,16,11,"F",190410,340,"Charter","black",113417,"113-41","CSEO",6,NA,2,NA,NA,8,9
114164,"SITKA",2019,2019-08-09,16,11,"F",190411,390,"Charter","black",113417,"113-41","CSEO",9,NA,2,NA,NA,8,9
114165,"SITKA",2019,2019-08-09,16,11,"M",190412,315,"Charter","black",113417,"113-41","CSEO",6,NA,2,NA,NA,8,9
114166,"SITKA",2019,2019-08-09,16,11,"M",190413,350,"Charter","black",113417,"113-41","CSEO",7,NA,2,NA,NA,8,9
114167,"SITKA",2019,2019-08-09,16,11,"M",190414,345,"Charter","black",113417,"113-41","CSEO",6,NA,2,NA,NA,8,9
114168,"SITKA",2019,2019-08-09,16,11,"F",190415,365,"Charter","black",113417,"113-41","CSEO",9,NA,2,NA,NA,8,9
114169,"SITKA",2019,2019-08-09,16,11,"M",190416,425,"Charter","black",113417,"113-41","CSEO",15,15,2,NA,NA,8,9
114170,"SITKA",2019,2019-08-09,16,11,"F",190417,360,"Charter","black",113417,"113-41","CSEO",6,NA,2,NA,NA,8,9
114171,"SITKA",2019,2019-08-09,16,11,"M",190418,410,"Charter","black",113417,"113-41","CSEO",20,NA,2,NA,NA,8,9
114172,"SITKA",2019,2019-08-09,16,11,"F",190419,315,"Charter","black",113417,"113-41","CSEO",5,NA,2,NA,NA,8,9
114173,"SITKA",2019,2019-08-09,16,11,"M",190420,340,"Charter","black",113417,"113-41","CSEO",6,NA,2,NA,NA,8,9
114174,"SITKA",2019,2019-08-09,16,11,"M",190421,390,"Charter","black",113450,"113-45","CSEO",19,NA,2,NA,NA,8,9
114175,"SITKA",2019,2019-08-09,16,11,"F",190422,355,"Charter","black",113450,"113-45","CSEO",7,NA,2,NA,NA,8,9
114176,"SITKA",2019,2019-08-09,16,11,"M",190423,455,"Charter","black",113450,"113-45","CSEO",25,26,2,NA,NA,8,9
114177,"SITKA",2019,2019-08-09,16,11,"F",190424,430,"Charter","black",113450,"113-45","CSEO",10,NA,2,NA,NA,8,9
114178,"SITKA",2019,2019-08-09,16,11,"M",190425,435,"Charter","black",113450,"113-45","CSEO",20,NA,2,NA,NA,8,9
114179,"SITKA",2019,2019-08-09,16,11,"F",190426,330,"Charter","black",113450,"113-45","CSEO",6,NA,2,NA,NA,8,9
114149,"SITKA",2019,2019-08-09,16,11,"M",190427,505,"Charter","black",365630,"365-63","CSEO",18,NA,1,NA,NA,8,9
114150,"SITKA",2019,2019-08-09,16,11,"F",190428,445,"Charter","black",365630,"365-63","CSEO",15,NA,2,NA,NA,8,9
114151,"SITKA",2019,2019-08-09,16,11,"F",190429,460,"Charter","black",365630,"365-63","CSEO",20,NA,2,NA,NA,8,9
114152,"SITKA",2019,2019-08-09,16,11,"",190430,380,"Charter","black",365630,"365-63","CSEO",9,NA,2,NA,NA,8,9
114153,"SITKA",2019,2019-08-09,16,11,"M",190431,455,"Charter","black",365630,"365-63","CSEO",19,NA,2,NA,NA,8,9
114155,"SITKA",2019,2019-08-09,16,11,"M",190433,330,"Charter","black",365630,"365-63","CSEO",6,6,2,NA,NA,8,9
114156,"SITKA",2019,2019-08-09,16,11,"M",190434,460,"Charter","black",365630,"365-63","CSEO",22,NA,2,NA,NA,8,9
114430,"SITKA",2019,2019-08-11,16,1,"M",190435,450,"Charter","black",113417,"113-41","CSEO",20,NA,2,NA,NA,8,11
114431,"SITKA",2019,2019-08-11,16,1,"M",190436,405,"Charter","black",113417,"113-41","CSEO",7,NA,2,NA,NA,8,11
114432,"SITKA",2019,2019-08-11,16,1,"M",190437,450,"Charter","black",113417,"113-41","CSEO",11,11,2,NA,NA,8,11
114433,"SITKA",2019,2019-08-11,16,1,"F",190438,340,"Charter","black",113417,"113-41","CSEO",6,NA,2,NA,NA,8,11
114434,"SITKA",2019,2019-08-11,16,1,"F",190439,390,"Charter","black",113417,"113-41","CSEO",8,NA,2,NA,NA,8,11
114435,"SITKA",2019,2019-08-11,16,1,"M",190440,465,"Charter","black",113417,"113-41","CSEO",20,NA,2,NA,NA,8,11
114436,"SITKA",2019,2019-08-11,16,1,"F",190441,440,"Charter","black",113417,"113-41","CSEO",16,16,2,NA,NA,8,11
114437,"SITKA",2019,2019-08-11,16,1,"F",190442,460,"Charter","black",113417,"113-41","CSEO",13,NA,2,NA,NA,8,11
114438,"SITKA",2019,2019-08-11,16,1,"M",190443,480,"Charter","black",113417,"113-41","CSEO",13,NA,2,NA,NA,8,11
114439,"SITKA",2019,2019-08-11,16,1,"M",190444,455,"Charter","black",113417,"113-41","CSEO",14,14,2,NA,NA,8,11
114440,"SITKA",2019,2019-08-11,16,1,"F",190445,355,"Charter","black",113417,"113-41","CSEO",25,NA,2,NA,NA,8,11
114441,"SITKA",2019,2019-08-11,16,1,"M",190446,440,"Charter","black",113417,"113-41","CSEO",14,NA,2,NA,NA,8,11
115639,"SITKA",2019,2019-08-15,16,3,"M",190447,430,"Charter","black",365701,"365-70","CSEO",13,NA,2,NA,NA,8,15
115640,"SITKA",2019,2019-08-15,16,3,"M",190448,440,"Charter","black",365701,"365-70","CSEO",11,NA,2,NA,NA,8,15
115641,"SITKA",2019,2019-08-15,16,3,"M",190449,440,"Charter","black",365701,"365-70","CSEO",14,NA,2,NA,NA,8,15
115642,"SITKA",2019,2019-08-15,16,3,"F",190450,430,"Charter","black",365701,"365-70","CSEO",14,NA,2,NA,NA,8,15
115643,"SITKA",2019,2019-08-15,16,3,"M",190451,450,"Charter","black",365701,"365-70","CSEO",12,12,2,NA,NA,8,15
115644,"SITKA",2019,2019-08-15,16,3,"M",190452,455,"Charter","black",365701,"365-70","CSEO",15,NA,2,NA,NA,8,15
115659,"SITKA",2019,2019-08-15,16,3,"M",190453,475,"Charter","black",365701,"365-70","CSEO",17,NA,2,NA,NA,8,15
115660,"SITKA",2019,2019-08-15,16,3,"F",190454,455,"Charter","black",365701,"365-70","CSEO",13,NA,2,NA,NA,8,15
115661,"SITKA",2019,2019-08-15,16,3,"M",190455,530,"Charter","black",365701,"365-70","CSEO",29,NA,1,NA,NA,8,15
115662,"SITKA",2019,2019-08-15,16,3,"M",190456,510,"Charter","black",365701,"365-70","CSEO",20,NA,1,NA,NA,8,15
115663,"SITKA",2019,2019-08-15,16,3,"M",190457,510,"Charter","black",365701,"365-70","CSEO",22,22,2,NA,NA,8,15
115664,"SITKA",2019,2019-08-15,16,3,"M",190458,460,"Charter","black",365701,"365-70","CSEO",13,NA,2,NA,NA,8,15
115665,"SITKA",2019,2019-08-15,16,3,"M",190459,525,"Charter","black",365701,"365-70","CSEO",29,NA,2,NA,NA,8,15
115666,"SITKA",2019,2019-08-15,16,3,"M",190460,525,"Charter","black",365701,"365-70","CSEO",24,NA,2,NA,NA,8,15
115667,"SITKA",2019,2019-08-15,16,3,"F",190461,460,"Charter","black",365701,"365-70","CSEO",14,NA,2,NA,NA,8,15
115668,"SITKA",2019,2019-08-15,16,3,"M",190462,490,"Charter","black",365701,"365-70","CSEO",18,NA,2,NA,NA,8,15
115669,"SITKA",2019,2019-08-15,16,3,"M",190463,510,"Charter","black",365701,"365-70","CSEO",20,NA,2,NA,NA,8,15
115670,"SITKA",2019,2019-08-15,16,3,"F",190464,440,"Charter","black",365701,"365-70","CSEO",11,NA,2,NA,NA,8,15
115671,"SITKA",2019,2019-08-15,16,3,"F",190465,520,"Charter","black",365701,"365-70","CSEO",19,NA,2,NA,NA,8,15
115672,"SITKA",2019,2019-08-15,16,3,"M",190466,475,"Charter","black",365701,"365-70","CSEO",12,NA,2,NA,NA,8,15
115673,"SITKA",2019,2019-08-15,16,3,"M",190467,515,"Charter","black",365701,"365-70","CSEO",22,NA,2,NA,NA,8,15
115674,"SITKA",2019,2019-08-15,16,3,"F",190468,520,"Charter","black",365701,"365-70","CSEO",13,NA,2,NA,NA,8,15
115675,"SITKA",2019,2019-08-15,16,3,"F",190469,495,"Charter","black",365701,"365-70","CSEO",16,16,2,NA,NA,8,15
115676,"SITKA",2019,2019-08-15,16,3,"M",190470,560,"Charter","black",365701,"365-70","CSEO",29,29,2,NA,NA,8,15
115677,"SITKA",2019,2019-08-15,16,3,"M",190471,470,"Charter","black",365701,"365-70","CSEO",18,NA,2,NA,NA,8,15
115678,"SITKA",2019,2019-08-15,16,3,"F",190472,365,"Charter","black",365701,"365-70","CSEO",24,NA,2,NA,NA,8,15
115679,"SITKA",2019,2019-08-15,16,3,"F",190473,350,"Charter","black",365701,"365-70","CSEO",6,NA,2,NA,NA,8,15
115680,"SITKA",2019,2019-08-15,16,3,"M",190474,335,"Charter","black",365701,"365-70","CSEO",7,7,2,NA,NA,8,15
115681,"SITKA",2019,2019-08-15,16,3,"M",190475,435,"Charter","black",365701,"365-70","CSEO",13,NA,2,NA,NA,8,15
115682,"SITKA",2019,2019-08-15,16,3,"F",190476,460,"Charter","black",365701,"365-70","CSEO",26,NA,2,NA,NA,8,15
115683,"SITKA",2019,2019-08-15,16,3,"F",190477,320,"Charter","black",365701,"365-70","CSEO",7,NA,2,NA,NA,8,15
115684,"SITKA",2019,2019-08-15,16,3,"M",190478,320,"Charter","black",365701,"365-70","CSEO",7,NA,2,NA,NA,8,15
115685,"SITKA",2019,2019-08-15,16,3,"M",190479,440,"Charter","black",365701,"365-70","CSEO",24,NA,2,NA,NA,8,15
115686,"SITKA",2019,2019-08-15,16,3,"F",190480,455,"Charter","black",365701,"365-70","CSEO",14,NA,2,NA,NA,8,15
115687,"SITKA",2019,2019-08-15,16,3,"M",190481,435,"Charter","black",365701,"365-70","CSEO",14,NA,2,NA,NA,8,15
115688,"SITKA",2019,2019-08-15,16,3,"M",190482,435,"Charter","black",365701,"365-70","CSEO",14,NA,2,NA,NA,8,15
115689,"SITKA",2019,2019-08-15,16,3,"M",190483,445,"Charter","black",365701,"365-70","CSEO",14,NA,2,NA,NA,8,15
115690,"SITKA",2019,2019-08-15,16,3,"F",190484,315,"Charter","black",365701,"365-70","CSEO",7,NA,2,NA,NA,8,15
115691,"SITKA",2019,2019-08-15,16,3,"M",190485,455,"Charter","black",365701,"365-70","CSEO",14,NA,2,NA,NA,8,15
115692,"SITKA",2019,2019-08-15,16,3,"M",190486,340,"Charter","black",365701,"365-70","CSEO",6,NA,2,NA,NA,8,15
115693,"SITKA",2019,2019-08-15,16,3,"M",190487,460,"Charter","black",365701,"365-70","CSEO",17,NA,2,NA,NA,8,15
115694,"SITKA",2019,2019-08-15,16,3,"F",190488,325,"Charter","black",365701,"365-70","CSEO",7,NA,2,NA,NA,8,15
115701,"SITKA",2019,2019-08-15,16,3,"M",190489,455,"Charter","black",113417,"113-41","CSEO",17,NA,2,NA,NA,8,15
115702,"SITKA",2019,2019-08-15,16,3,"M",190490,420,"Charter","black",113417,"113-41","CSEO",10,NA,2,NA,NA,8,15
115703,"SITKA",2019,2019-08-15,16,3,"M",190491,455,"Charter","black",113417,"113-41","CSEO",24,NA,2,NA,NA,8,15
115704,"SITKA",2019,2019-08-15,16,3,"F",190492,485,"Charter","black",113417,"113-41","CSEO",15,15,2,NA,NA,8,15
115705,"SITKA",2019,2019-08-15,16,3,"F",190493,400,"Charter","black",113417,"113-41","CSEO",9,9,2,NA,NA,8,15
115706,"SITKA",2019,2019-08-15,16,3,"M",190494,445,"Charter","black",113417,"113-41","CSEO",19,21,2,NA,NA,8,15
116206,"SITKA",2019,2019-08-16,16,3,"F",190495,425,"Charter","black",365701,"365-70","CSEO",10,NA,2,NA,NA,8,16
116207,"SITKA",2019,2019-08-16,16,3,"M",190496,445,"Charter","black",365701,"365-70","CSEO",14,NA,2,NA,NA,8,16
116208,"SITKA",2019,2019-08-16,16,3,"M",190497,430,"Charter","black",365701,"365-70","CSEO",14,NA,2,NA,NA,8,16
116209,"SITKA",2019,2019-08-16,16,3,"F",190498,425,"Charter","black",365701,"365-70","CSEO",11,NA,2,NA,NA,8,16
116210,"SITKA",2019,2019-08-16,16,3,"M",190499,420,"Charter","black",365701,"365-70","CSEO",14,NA,2,NA,NA,8,16
116211,"SITKA",2019,2019-08-16,16,3,"M",190500,330,"Charter","black",365701,"365-70","CSEO",5,6,2,NA,NA,8,16
116212,"SITKA",2019,2019-08-16,16,3,"F",190501,450,"Charter","black",365701,"365-70","CSEO",13,NA,2,NA,NA,8,16
116213,"SITKA",2019,2019-08-16,16,3,"M",190502,280,"Charter","black",365701,"365-70","CSEO",5,6,2,NA,NA,8,16
116214,"SITKA",2019,2019-08-16,16,3,"M",190503,420,"Charter","black",365701,"365-70","CSEO",14,NA,2,NA,NA,8,16
116215,"SITKA",2019,2019-08-16,16,3,"F",190504,465,"Charter","black",365701,"365-70","CSEO",14,NA,2,NA,NA,8,16
116216,"SITKA",2019,2019-08-16,16,3,"M",190505,310,"Charter","black",365701,"365-70","CSEO",5,NA,2,NA,NA,8,16
116217,"SITKA",2019,2019-08-16,16,3,"F",190506,335,"Charter","black",365701,"365-70","CSEO",6,NA,2,NA,NA,8,16
116218,"SITKA",2019,2019-08-16,16,3,"M",190507,410,"Charter","black",365701,"365-70","CSEO",8,NA,2,NA,NA,8,16
116219,"SITKA",2019,2019-08-16,16,3,"F",190508,420,"Charter","black",365701,"365-70","CSEO",10,NA,2,NA,NA,8,16
116220,"SITKA",2019,2019-08-16,16,3,"M",190509,410,"Charter","black",365701,"365-70","CSEO",11,NA,2,NA,NA,8,16
116221,"SITKA",2019,2019-08-16,16,3,"M",190510,340,"Charter","black",365701,"365-70","CSEO",17,NA,2,NA,NA,8,16
116222,"SITKA",2019,2019-08-16,16,3,"M",190511,445,"Charter","black",365701,"365-70","CSEO",16,NA,2,NA,NA,8,16
116223,"SITKA",2019,2019-08-16,16,3,"M",190512,350,"Charter","black",365701,"365-70","CSEO",11,NA,2,NA,NA,8,16
116225,"SITKA",2019,2019-08-16,16,3,"F",190513,380,"Charter","black",365701,"365-70","CSEO",9,NA,2,NA,NA,8,16
116237,"SITKA",2019,2019-08-16,16,3,"M",190514,340,"Charter","black",365701,"365-70","CSEO",6,NA,2,NA,NA,8,16
116238,"SITKA",2019,2019-08-16,16,3,"F",190515,400,"Charter","black",365701,"365-70","CSEO",10,NA,2,NA,NA,8,16
116239,"SITKA",2019,2019-08-16,16,3,"F",190516,385,"Charter","black",365701,"365-70","CSEO",7,NA,2,NA,NA,8,16
116240,"SITKA",2019,2019-08-16,16,3,"F",190517,345,"Charter","black",365701,"365-70","CSEO",7,NA,2,NA,NA,8,16
116241,"SITKA",2019,2019-08-16,16,3,"M",190518,485,"Charter","black",365701,"365-70","CSEO",19,19,2,NA,NA,8,16
116242,"SITKA",2019,2019-08-16,16,3,"M",190519,290,"Charter","black",365701,"365-70","CSEO",5,NA,2,NA,NA,8,16
116243,"SITKA",2019,2019-08-16,16,3,"F",190520,320,"Charter","black",365701,"365-70","CSEO",6,NA,2,NA,NA,8,16
116244,"SITKA",2019,2019-08-16,16,3,"M",190521,350,"Charter","black",365701,"365-70","CSEO",7,NA,2,NA,NA,8,16
116245,"SITKA",2019,2019-08-16,16,3,"M",190522,435,"Charter","black",365701,"365-70","CSEO",16,16,2,NA,NA,8,16
116246,"SITKA",2019,2019-08-16,16,3,"F",190523,335,"Charter","black",365701,"365-70","CSEO",7,NA,2,NA,NA,8,16
116247,"SITKA",2019,2019-08-16,16,3,"F",190524,390,"Charter","black",365701,"365-70","CSEO",7,NA,2,NA,NA,8,16
116248,"SITKA",2019,2019-08-16,16,3,"F",190525,345,"Charter","black",365701,"365-70","CSEO",6,NA,2,NA,NA,8,16
116249,"SITKA",2019,2019-08-16,16,3,"F",190526,335,"Charter","black",365701,"365-70","CSEO",6,NA,2,NA,NA,8,16
116250,"SITKA",2019,2019-08-16,16,3,"F",190527,360,"Charter","black",365701,"365-70","CSEO",7,NA,2,NA,NA,8,16
116251,"SITKA",2019,2019-08-16,16,3,"F",190528,330,"Charter","black",365701,"365-70","CSEO",13,NA,2,NA,NA,8,16
116252,"SITKA",2019,2019-08-16,16,3,"M",190529,310,"Charter","black",365701,"365-70","CSEO",6,NA,2,NA,NA,8,16
115449,"SITKA",2019,2019-08-14,16,5,"M",190530,440,"Charter","black",113416,"113-41","CSEO",17,NA,2,NA,NA,8,14
115450,"SITKA",2019,2019-08-14,16,5,"M",190531,440,"Charter","black",113416,"113-41","CSEO",20,NA,2,NA,NA,8,14
115451,"SITKA",2019,2019-08-14,16,5,"M",190532,430,"Charter","black",113416,"113-41","CSEO",18,NA,2,NA,NA,8,14
115452,"SITKA",2019,2019-08-14,16,5,"F",190533,410,"Charter","black",113416,"113-41","CSEO",15,NA,2,NA,NA,8,14
115453,"SITKA",2019,2019-08-14,16,5,"F",190534,450,"Charter","black",113416,"113-41","CSEO",17,NA,2,NA,NA,8,14
115454,"SITKA",2019,2019-08-14,16,5,"F",190535,450,"Charter","black",113416,"113-41","CSEO",13,NA,2,NA,NA,8,14
115455,"SITKA",2019,2019-08-14,16,5,"M",190536,460,"Charter","black",113416,"113-41","CSEO",19,NA,2,NA,NA,8,14
115456,"SITKA",2019,2019-08-14,16,5,"F",190537,400,"Charter","black",113416,"113-41","CSEO",12,NA,2,NA,NA,8,14
115457,"SITKA",2019,2019-08-14,16,5,"M",190538,450,"Charter","black",113416,"113-41","CSEO",23,NA,2,NA,NA,8,14
116553,"SITKA",2019,2019-08-14,16,5,"M",190539,440,"Charter","black",113417,"113-41","CSEO",14,NA,2,NA,NA,8,14
116554,"SITKA",2019,2019-08-14,16,5,"M",190540,450,"Charter","black",113417,"113-41","CSEO",20,NA,1,NA,NA,8,14
116555,"SITKA",2019,2019-08-14,16,5,"M",190541,410,"Charter","black",113417,"113-41","CSEO",13,13,1,NA,NA,8,14
116556,"SITKA",2019,2019-08-14,16,5,"M",190542,440,"Charter","black",113417,"113-41","CSEO",19,NA,2,NA,NA,8,14
116557,"SITKA",2019,2019-08-14,16,5,"M",190543,430,"Charter","black",113417,"113-41","CSEO",22,NA,2,NA,NA,8,14
116558,"SITKA",2019,2019-08-14,16,5,"M",190544,460,"Charter","black",113417,"113-41","CSEO",20,NA,2,NA,NA,8,14
116559,"SITKA",2019,2019-08-14,16,5,"",190545,420,"Charter","black",113417,"113-41","CSEO",16,NA,2,NA,NA,8,14
116560,"SITKA",2019,2019-08-14,16,5,"M",190546,460,"Charter","black",113417,"113-41","CSEO",16,NA,2,NA,NA,8,14
116561,"SITKA",2019,2019-08-14,16,5,"M",190547,390,"Charter","black",113417,"113-41","CSEO",10,NA,2,NA,NA,8,14
116562,"SITKA",2019,2019-08-14,16,5,"M",190548,450,"Charter","black",113417,"113-41","CSEO",22,NA,2,NA,NA,8,14
116563,"SITKA",2019,2019-08-14,16,5,"M",190549,500,"Charter","black",113417,"113-41","CSEO",15,NA,2,NA,NA,8,14
116564,"SITKA",2019,2019-08-14,16,5,"M",190550,420,"Charter","black",113417,"113-41","CSEO",22,NA,2,NA,NA,8,14
115590,"SITKA",2019,2019-08-15,16,6,"F",190551,515,"Charter","black",113417,"113-41","CSEO",14,NA,2,NA,NA,8,15
115591,"SITKA",2019,2019-08-15,16,6,"M",190552,500,"Charter","black",113417,"113-41","CSEO",18,NA,2,NA,NA,8,15
115592,"SITKA",2019,2019-08-15,16,6,"M",190553,465,"Charter","black",113417,"113-41","CSEO",10,10,2,NA,NA,8,15
115593,"SITKA",2019,2019-08-15,16,6,"F",190554,470,"Charter","black",113417,"113-41","CSEO",12,NA,2,NA,NA,8,15
115594,"SITKA",2019,2019-08-15,16,6,"M",190555,510,"Charter","black",113417,"113-41","CSEO",24,23,2,NA,NA,8,15
115595,"SITKA",2019,2019-08-15,16,6,"M",190556,465,"Charter","black",113417,"113-41","CSEO",14,NA,2,NA,NA,8,15
115596,"SITKA",2019,2019-08-15,16,6,"M",190557,510,"Charter","black",113417,"113-41","CSEO",22,NA,2,NA,NA,8,15
115597,"SITKA",2019,2019-08-15,16,6,"M",190558,460,"Charter","black",113417,"113-41","CSEO",15,NA,2,NA,NA,8,15
115598,"SITKA",2019,2019-08-15,16,6,"M",190559,480,"Charter","black",113417,"113-41","CSEO",24,NA,2,NA,NA,8,15
115599,"SITKA",2019,2019-08-15,16,6,"M",190560,450,"Charter","black",113417,"113-41","CSEO",12,NA,2,NA,NA,8,15
115600,"SITKA",2019,2019-08-15,16,6,"M",190561,455,"Charter","black",113417,"113-41","CSEO",9,NA,2,NA,NA,8,15
115601,"SITKA",2019,2019-08-15,16,6,"F",190562,510,"Charter","black",113417,"113-41","CSEO",15,NA,2,NA,NA,8,15
116148,"SITKA",2019,2019-08-16,16,6,"F",190563,470,"Charter","black",113417,"113-41","CSEO",15,15,2,NA,NA,8,16
116149,"SITKA",2019,2019-08-16,16,6,"M",190564,470,"Charter","black",113417,"113-41","CSEO",22,NA,2,NA,NA,8,16
116150,"SITKA",2019,2019-08-16,16,6,"F",190565,360,"Charter","black",113417,"113-41","CSEO",6,NA,2,NA,NA,8,16
116151,"SITKA",2019,2019-08-16,16,6,"M",190566,500,"Charter","black",113417,"113-41","CSEO",20,NA,2,NA,NA,8,16
116152,"SITKA",2019,2019-08-16,16,6,"F",190567,440,"Charter","black",113417,"113-41","CSEO",12,NA,2,NA,NA,8,16
116153,"SITKA",2019,2019-08-16,16,6,"M",190568,430,"Charter","black",113417,"113-41","CSEO",15,NA,2,NA,NA,8,16
116154,"SITKA",2019,2019-08-16,16,6,"F",190569,460,"Charter","black",113417,"113-41","CSEO",15,NA,2,NA,NA,8,16
116155,"SITKA",2019,2019-08-16,16,6,"F",190570,460,"Charter","black",113417,"113-41","CSEO",15,15,2,NA,NA,8,16
116156,"SITKA",2019,2019-08-16,16,6,"F",190571,470,"Charter","black",113417,"113-41","CSEO",21,NA,2,NA,NA,8,16
116157,"SITKA",2019,2019-08-16,16,6,"M",190572,440,"Charter","black",113417,"113-41","CSEO",13,NA,2,NA,NA,8,16
116158,"SITKA",2019,2019-08-16,16,6,"M",190573,440,"Charter","black",113417,"113-41","CSEO",14,NA,2,NA,NA,8,16
116159,"SITKA",2019,2019-08-16,16,6,"F",190574,450,"Charter","black",113417,"113-41","CSEO",14,14,2,NA,NA,8,16
116180,"SITKA",2019,2019-08-16,16,6,"",190575,420,"Charter","black",113450,"113-45","CSEO",12,NA,2,NA,NA,8,16
116181,"SITKA",2019,2019-08-16,16,6,"",190576,440,"Charter","black",113450,"113-45","CSEO",14,13,2,NA,NA,8,16
116182,"SITKA",2019,2019-08-16,16,6,"",190577,430,"Charter","black",113450,"113-45","CSEO",13,NA,2,NA,NA,8,16
116183,"SITKA",2019,2019-08-16,16,6,"",190578,460,"Charter","black",113450,"113-45","CSEO",25,23,1,NA,NA,8,16
116184,"SITKA",2019,2019-08-16,16,6,"",190579,400,"Charter","black",113450,"113-45","CSEO",8,NA,2,NA,NA,8,16
116185,"SITKA",2019,2019-08-16,16,6,"",190580,420,"Charter","black",113450,"113-45","CSEO",14,NA,2,NA,NA,8,16
116186,"SITKA",2019,2019-08-16,16,6,"M",190581,430,"Charter","black",113450,"113-45","CSEO",15,NA,2,NA,NA,8,16
116187,"SITKA",2019,2019-08-16,16,6,"M",190582,460,"Charter","black",113450,"113-45","CSEO",17,17,2,NA,NA,8,16
116188,"SITKA",2019,2019-08-16,16,6,"F",190583,410,"Charter","black",113450,"113-45","CSEO",14,NA,2,NA,NA,8,16
116189,"SITKA",2019,2019-08-16,16,6,"F",190584,480,"Charter","black",113450,"113-45","CSEO",13,NA,2,NA,NA,8,16
116190,"SITKA",2019,2019-08-16,16,6,"F",190585,460,"Charter","black",113450,"113-45","CSEO",17,NA,2,NA,NA,8,16
116191,"SITKA",2019,2019-08-16,16,6,"F",190586,400,"Charter","black",113450,"113-45","CSEO",9,NA,2,NA,NA,8,16
116192,"SITKA",2019,2019-08-16,16,6,"F",190587,500,"Charter","black",113450,"113-45","CSEO",14,NA,2,NA,NA,8,16
116193,"SITKA",2019,2019-08-16,16,6,"M",190588,460,"Charter","black",113450,"113-45","CSEO",24,NA,2,NA,NA,8,16
116194,"SITKA",2019,2019-08-16,16,6,"F",190589,410,"Charter","black",113450,"113-45","CSEO",13,NA,2,NA,NA,8,16
116312,"SITKA",2019,2019-08-16,16,12,"M",190590,330,"Charter","black",113450,"113-45","CSEO",6,6,2,NA,NA,8,16
116313,"SITKA",2019,2019-08-16,16,12,"M",190591,460,"Charter","black",113450,"113-45","CSEO",31,NA,2,NA,NA,8,16
116314,"SITKA",2019,2019-08-16,16,12,"M",190592,420,"Charter","black",113450,"113-45","CSEO",9,NA,2,NA,NA,8,16
116315,"SITKA",2019,2019-08-16,16,12,"F",190593,410,"Charter","black",113450,"113-45","CSEO",14,NA,2,NA,NA,8,16
116316,"SITKA",2019,2019-08-16,16,12,"F",190594,440,"Charter","black",113450,"113-45","CSEO",12,NA,2,NA,NA,8,16
116317,"SITKA",2019,2019-08-16,16,12,"M",190595,450,"Charter","black",113450,"113-45","CSEO",19,NA,2,NA,NA,8,16
116318,"SITKA",2019,2019-08-16,16,12,"M",190596,460,"Charter","black",113450,"113-45","CSEO",16,NA,2,NA,NA,8,16
116319,"SITKA",2019,2019-08-16,16,12,"M",190597,420,"Charter","black",113450,"113-45","CSEO",19,NA,2,NA,NA,8,16
116320,"SITKA",2019,2019-08-16,16,12,"F",190598,410,"Charter","black",113450,"113-45","CSEO",13,13,2,NA,NA,8,16
116321,"SITKA",2019,2019-08-16,16,12,"M",190599,440,"Charter","black",113450,"113-45","CSEO",19,NA,2,NA,NA,8,16
116322,"SITKA",2019,2019-08-16,16,12,"M",190600,410,"Charter","black",113450,"113-45","CSEO",22,NA,2,NA,NA,8,16
116323,"SITKA",2019,2019-08-16,16,12,"M",190601,290,"Charter","black",113450,"113-45","CSEO",9,NA,2,NA,NA,8,16
116324,"SITKA",2019,2019-08-16,16,12,"F",190602,410,"Charter","black",113450,"113-45","CSEO",14,14,2,NA,NA,8,16
116325,"SITKA",2019,2019-08-16,16,12,"M",190603,330,"Charter","black",113450,"113-45","CSEO",6,NA,2,NA,NA,8,16
116326,"SITKA",2019,2019-08-16,16,12,"M",190604,380,"Charter","black",113450,"113-45","CSEO",13,NA,2,NA,NA,8,16
116327,"SITKA",2019,2019-08-16,16,12,"M",190605,400,"Charter","black",113450,"113-45","CSEO",14,14,2,NA,NA,8,16
117408,"SITKA",2019,2019-08-24,17,5,"M",190606,425,"Charter","black",113450,"113-45","CSEO",14,14,2,NA,NA,8,24
118374,"SITKA",2019,2019-08-28,17,5,"M",190607,435,"Charter","black",113417,"113-41","CSEO",13,NA,2,NA,NA,8,28
118375,"SITKA",2019,2019-08-28,17,5,"M",190608,445,"Charter","black",113417,"113-41","CSEO",13,NA,2,NA,NA,8,28
118376,"SITKA",2019,2019-08-28,17,5,"M",190609,455,"Charter","black",113417,"113-41","CSEO",20,NA,2,NA,NA,8,28
118377,"SITKA",2019,2019-08-28,17,5,"M",190610,480,"Charter","black",113417,"113-41","CSEO",29,NA,2,NA,NA,8,28
118378,"SITKA",2019,2019-08-28,17,5,"M",190611,455,"Charter","black",113417,"113-41","CSEO",24,NA,2,NA,NA,8,28
118379,"SITKA",2019,2019-08-28,17,5,"F",190612,440,"Charter","black",113417,"113-41","CSEO",13,NA,2,NA,NA,8,28
118380,"SITKA",2019,2019-08-28,17,5,"F",190613,410,"Charter","black",113417,"113-41","CSEO",7,NA,2,NA,NA,8,28
118381,"SITKA",2019,2019-08-28,17,5,"F",190614,510,"Charter","black",113417,"113-41","CSEO",14,NA,2,NA,NA,8,28
118382,"SITKA",2019,2019-08-28,17,5,"M",190615,430,"Charter","black",113417,"113-41","CSEO",12,12,2,NA,NA,8,28
118365,"SITKA",2019,2019-08-28,17,5,"F",190616,540,"Charter","black",113417,"113-41","CSEO",14,NA,2,NA,NA,8,28
118366,"SITKA",2019,2019-08-28,17,5,"F",190617,580,"Charter","black",113417,"113-41","CSEO",15,NA,2,NA,NA,8,28
118367,"SITKA",2019,2019-08-28,17,5,"M",190618,510,"Charter","black",113417,"113-41","CSEO",12,NA,2,NA,NA,8,28
118368,"SITKA",2019,2019-08-28,17,5,"M",190619,545,"Charter","black",113417,"113-41","CSEO",NA,NA,NA,NA,NA,8,28
118369,"SITKA",2019,2019-08-28,17,5,"M",190620,545,"Charter","black",113417,"113-41","CSEO",19,NA,1,NA,NA,8,28
118370,"SITKA",2019,2019-08-28,17,5,"M",190621,550,"Charter","black",113417,"113-41","CSEO",NA,NA,NA,NA,NA,8,28
118371,"SITKA",2019,2019-08-28,17,5,"F",190622,580,"Charter","black",113417,"113-41","CSEO",15,NA,2,NA,NA,8,28
118372,"SITKA",2019,2019-08-28,17,5,"M",190623,580,"Charter","black",113417,"113-41","CSEO",25,NA,1,NA,NA,8,28
118373,"SITKA",2019,2019-08-28,17,5,"F",190624,475,"Charter","black",113417,"113-41","CSEO",10,NA,2,NA,NA,8,28
118984,"SITKA",2019,2019-08-30,17,5,"F",190625,445,"Charter","black",113311,"113-31","CSEO",9,NA,2,NA,NA,8,30
118985,"SITKA",2019,2019-08-30,17,5,"M",190626,440,"Charter","black",113311,"113-31","CSEO",13,NA,2,NA,NA,8,30
118986,"SITKA",2019,2019-08-30,17,5,"M",190627,480,"Charter","black",113311,"113-31","CSEO",14,NA,2,NA,NA,8,30
118987,"SITKA",2019,2019-08-30,17,5,"F",190628,475,"Charter","black",113311,"113-31","CSEO",9,NA,2,NA,NA,8,30
118988,"SITKA",2019,2019-08-30,17,5,"F",190629,445,"Charter","black",113311,"113-31","CSEO",9,NA,2,NA,NA,8,30
118989,"SITKA",2019,2019-08-30,17,5,"M",190630,430,"Charter","black",113311,"113-31","CSEO",9,9,2,NA,NA,8,30
118990,"SITKA",2019,2019-08-30,17,5,"M",190631,500,"Charter","black",113311,"113-31","CSEO",22,NA,2,NA,NA,8,30
118991,"SITKA",2019,2019-08-30,17,5,"M",190632,465,"Charter","black",113311,"113-31","CSEO",13,NA,2,NA,NA,8,30
118992,"SITKA",2019,2019-08-30,17,5,"M",190633,450,"Charter","black",113311,"113-31","CSEO",19,NA,2,NA,NA,8,30
118993,"SITKA",2019,2019-08-30,17,5,"F",190634,520,"Charter","black",113311,"113-31","CSEO",17,NA,2,NA,NA,8,30
118994,"SITKA",2019,2019-08-30,17,5,"M",190635,440,"Charter","black",113311,"113-31","CSEO",9,NA,2,NA,NA,8,30
118995,"SITKA",2019,2019-08-30,17,5,"M",190636,465,"Charter","black",113311,"113-31","CSEO",20,NA,2,NA,NA,8,30
118957,"SITKA",2019,2019-08-30,17,5,"F",190637,620,"Charter","black",365701,"365-70","CSEO",18,NA,2,NA,NA,8,30
118958,"SITKA",2019,2019-08-30,17,5,"M",190638,540,"Charter","black",365701,"365-70","CSEO",NA,NA,NA,NA,NA,8,30
118959,"SITKA",2019,2019-08-30,17,5,"M",190639,560,"Charter","black",365701,"365-70","CSEO",37,NA,1,NA,NA,8,30
118960,"SITKA",2019,2019-08-30,17,5,"F",190640,510,"Charter","black",365701,"365-70","CSEO",14,NA,2,NA,NA,8,30
118961,"SITKA",2019,2019-08-30,17,5,"F",190641,610,"Charter","black",365701,"365-70","CSEO",17,NA,2,NA,NA,8,30
118962,"SITKA",2019,2019-08-30,17,5,"M",190642,510,"Charter","black",365701,"365-70","CSEO",19,NA,2,NA,NA,8,30
119084,"SITKA",2019,2019-08-31,17,4,"M",190643,600,"Private","black",113412,"113-41","CSEO",18,NA,2,NA,NA,8,31
118799,"SITKA",2019,2019-08-29,17,9,"M",190644,450,"Charter","black",113311,"113-31","CSEO",19,NA,2,NA,NA,8,29
118800,"SITKA",2019,2019-08-29,17,9,"M",190645,460,"Charter","black",113311,"113-31","CSEO",22,22,2,NA,NA,8,29
118801,"SITKA",2019,2019-08-29,17,9,"F",190646,460,"Charter","black",113311,"113-31","CSEO",22,NA,2,NA,NA,8,29
118802,"SITKA",2019,2019-08-29,17,9,"M",190647,470,"Charter","black",113311,"113-31","CSEO",24,NA,2,NA,NA,8,29
118451,"SITKA",2019,2019-08-28,17,9,"M",190648,470,"Charter","black",365701,"365-70","CSEO",15,NA,2,NA,NA,8,28
118452,"SITKA",2019,2019-08-28,17,9,"M",190649,440,"Charter","black",365701,"365-70","CSEO",15,NA,2,NA,NA,8,28
118453,"SITKA",2019,2019-08-28,17,9,"M",190650,350,"Charter","black",365701,"365-70","CSEO",8,NA,2,NA,NA,8,28
118454,"SITKA",2019,2019-08-28,17,9,"M",190651,430,"Charter","black",365701,"365-70","CSEO",14,14,2,NA,NA,8,28
118455,"SITKA",2019,2019-08-28,17,9,"M",190652,430,"Charter","black",365701,"365-70","CSEO",11,NA,2,NA,NA,8,28
118456,"SITKA",2019,2019-08-28,17,9,"F",190653,440,"Charter","black",365701,"365-70","CSEO",9,9,2,NA,NA,8,28
120372,"SITKA",2019,2019-09-14,18,5,"F",190654,460,"Private","black",113450,"113-45","CSEO",23,NA,1,NA,NA,9,14
120373,"SITKA",2019,2019-09-14,18,5,"M",190655,455,"Private","black",113450,"113-45","CSEO",19,NA,2,NA,NA,9,14
120374,"SITKA",2019,2019-09-14,18,5,"M",190656,430,"Private","black",113450,"113-45","CSEO",15,NA,2,NA,NA,9,14
120375,"SITKA",2019,2019-09-14,18,5,"M",190657,405,"Private","black",113450,"113-45","CSEO",11,NA,2,NA,NA,9,14
120376,"SITKA",2019,2019-09-14,18,5,"M",190658,435,"Private","black",113450,"113-45","CSEO",13,NA,2,NA,NA,9,14
120377,"SITKA",2019,2019-09-14,18,5,"M",190659,445,"Private","black",113450,"113-45","CSEO",18,NA,2,NA,NA,9,14
120378,"SITKA",2019,2019-09-14,18,5,"F",190660,410,"Private","black",113450,"113-45","CSEO",11,NA,2,NA,NA,9,14
120379,"SITKA",2019,2019-09-14,18,5,"F",190661,450,"Private","black",113450,"113-45","CSEO",22,NA,2,NA,NA,9,14
120380,"SITKA",2019,2019-09-14,18,5,"M",190662,420,"Private","black",113450,"113-45","CSEO",13,NA,2,NA,NA,9,14
