"PORT","SUB","SP","DATE","PAGE","LINE","SEX","LENGTH","WEIGHT","AGE","AGE2","AGECONF","AGEERR","USER","BOATNAME","STATAREA","YEAR","MONTH","DAY","COMMENTS"
"CCI","A",130,2012-08-13,1,1,"M",97,10.5,15,15,"2",,"C","HIGHLINER",515905,2012,8,13,
"CCI","A",130,2012-08-13,1,2,"F",109,,9,9,"2",,"C","HIGHLINER",515905,2012,8,13,
"CCI","A",130,2012-08-13,1,3,"F",117,9.5,10,10,"2",,"C","HIGHLINER",515905,2012,8,13,
"CCI","A",130,2012-08-13,1,4,"F",94,9,9,12,"2",,"C","HIGHLINER",515905,2012,8,13,
"CCI","A",130,2012-08-13,1,5,"F",96,7.5,9,9,"2",,"C","HIGHLINER",515905,2012,8,13,
"CCI","A",130,2012-08-13,1,6,"F",100,11,9,9,"2",,"C","HIGHLINER",515905,2012,8,13,
"CCI","A",130,2012-08-13,1,7,"F",99,10,10,9,"2",,"C","HIGHLINER",515905,2012,8,13,
"CCI","A",130,2012-08-13,1,8,"F",100,9,11,12,"2",,"C","HIGHLINER",515905,2012,8,13,
"CCI","A",130,2012-08-13,1,9,"F",124,17.5,15,15,"2",,"C","HIGHLINER",515905,2012,8,13,
"CCI","A",130,2012-08-13,1,10,"F",113,15,12,12,"2",,"C","HIGHLINER",515905,2012,8,13,
"CCI","A",130,2012-08-13,1,11,"F",112,12.5,9,11,"1",,"C","HIGHLINER",515905,2012,8,13,
"CCI","A",130,2012-08-13,1,12,"F",97,8,9,9,"2",,"C","HIGHLINER",515905,2012,8,13,
"CCI","A",130,2012-08-13,1,13,"F",99,9.5,9,9,"2",,"C","HIGHLINER",515905,2012,8,13,
"Homer",,130,2012-07-01,1,1,"M",94,,15,,"2",,"P","P1",515903,2012,7,1,
"Homer",,130,2012-07-01,1,2,"M",102,,23,22,"1",,"P","P1",515903,2012,7,1,
"Homer",,130,2012-07-01,1,3,"F",112,14,16,,"2",,"P","P4",515903,2012,7,1,
"Homer",,130,2012-07-01,1,4,"M",129,25,19,,"2",,"P","P4",515903,2012,7,1,
"Homer",,130,2012-07-01,1,5,"M",120,17,13,,"2",,"P","P4",515903,2012,7,1,
"Homer",,130,2012-07-01,1,6,"M",113,14,13,,"2",,"P","P4",515903,2012,7,1,
"Homer",,130,2012-07-01,1,7,"M",121,27,21,22,"1",,"P","P4",515903,2012,7,1,
"Homer",,130,2012-07-01,1,8,"F",112,,14,,"2",,"C","FRINGE BENEFIT",515904,2012,7,1,
"Homer",,130,2012-07-01,1,9,"F",114,,16,,"2",,"C","FRINGE BENEFIT",515904,2012,7,1,
"Homer",,130,2012-07-01,1,10,"F",114,,15,,"2",,"C","FRINGE BENEFIT",515904,2012,7,1,"""ONE OTO"""
"Homer",,130,2012-07-01,1,11,"F",112,,20,,"2",,"C","FRINGE BENEFIT",515904,2012,7,1,
"Homer",,130,2012-07-01,1,12,"F",112,,13,13,"2",,"C","FRINGE BENEFIT",515904,2012,7,1,"""ONE OTO"""
"Homer",,130,2012-07-01,1,13,"",108,,15,16,"2",,"C","FRINGE BENEFIT",515904,2012,7,1,
"Homer",,130,2012-07-01,1,14,"F",109,,13,13,"2",,"C","STORM PETREL",515903,2012,7,1,
"Homer",,130,2012-07-01,1,15,"F",136,,20,,"2",,"C","STORM PETREL",515903,2012,7,1,
"Homer",,130,2012-07-01,1,16,"F",133,,,,"I",,"C","STORM PETREL",515903,2012,7,1,"NO OTOS"
"Homer",,130,2012-07-01,1,17,"F",123,,21,,"2",,"C","STORM PETREL",515903,2012,7,1,
"Homer",,130,2012-07-01,1,18,"F",115,,15,15,"2",,"C","STORM PETREL",515903,2012,7,1,
"Homer",,130,2012-07-01,1,19,"F",107,,11,,"2",,"C","STORM PETREL",515903,2012,7,1,
"Homer",,130,2012-07-01,1,20,"M",102,,,,"I",,"C","STORM PETREL",515903,2012,7,1,
"Homer",,130,2012-07-01,1,21,"M",93,,13,,"2",,"C","STORM PETREL",515903,2012,7,1,
"Homer",,130,2012-07-02,2,1,"F",90,,10,11,"2",,"C","BRAZEN",515903,2012,7,2,"""1 OTOLITH"""
"Homer",,130,2012-07-02,2,2,"F",107,,11,,"2",,"C","BRAZEN",515903,2012,7,2,
"Homer",,130,2012-07-02,2,3,"F",111,,13,,"2",,"C","BRAZEN",515903,2012,7,2,
"Homer",,130,2012-07-02,2,4,"F",108,,12,,"2",,"C","BRAZEN",515903,2012,7,2,
"Homer",,130,2012-07-02,2,5,"",135,,20,,"2",,"C","BRAZEN",515903,2012,7,2,
"Homer",,130,2012-07-02,2,6,"",95,,8,9,"2",,"C","BRAZEN",515903,2012,7,2,"""1 OTOLITH"""
"Homer",,130,2012-07-02,2,7,"",92,,11,,"2",,"C","BRAZEN",515903,2012,7,2,
"Homer",,130,2012-07-02,2,8,"",116,,14,,"2",,"C","BRAZEN",515903,2012,7,2,"""DEFORMED FIN # 5"""
"Homer",,130,2012-07-12,3,1,"F",122,,19,,"2",,"C","GRANDE ALEUTIAN",525901,2012,7,12,
"Homer",,130,2012-07-12,3,2,"M",87,,9,,"2",,"C","GRANDE ALEUTIAN",525901,2012,7,12,
"Homer",,130,2012-07-12,3,3,"M",105,,23,,"1",,"C","GRANDE ALEUTIAN",525901,2012,7,12,"""ONE OTO"""
"Homer",,130,2012-07-17,4,1,"F",95,,11,,"2",,"C","DONNA MAE",515903,2012,7,17,
"Homer",,130,2012-07-17,4,2,"F",92,,8,,"2",,"C","DONNA MAE",515903,2012,7,17,
"Homer",,130,2012-07-17,4,3,"F",110,,15,,"2",,"C","DONNA MAE",515903,2012,7,17,
"Homer",,130,2012-07-17,4,4,"F",101,,9,,"2",,"C","DONNA MAE",515903,2012,7,17,
"Homer",,130,2012-07-17,4,5,"M",92,,13,13,"2",,"C","STORM PETREL",515903,2012,7,17,
"Homer",,130,2012-07-17,4,6,"F",101,,9,,"2",,"C","STORM PETREL",515903,2012,7,17,
"Homer",,130,2012-07-17,4,7,"M",91,,12,,"2",,"C","STORM PETREL",515903,2012,7,17,
"Homer",,130,2012-07-17,4,8,"F",99,,11,,"2",,"C","STORM PETREL",515903,2012,7,17,"NO OTOS"
"Homer",,130,2012-07-17,4,9,"F",117,,15,,"2",,"C","STORM PETREL",515903,2012,7,17,
"Homer",,130,2012-07-17,4,10,"F",107,,12,,"2",,"C","STORM PETREL",515903,2012,7,17,
"Homer",,130,2012-07-17,4,11,"F",107,,,,"I",,"C","STORM PETREL",515903,2012,7,17,"NO OTOSYES THERE WERE"
"Homer",,130,2012-07-22,5,1,"M",101,,,,"I",,"C","BEAU SOLEIL",515906,2012,7,22,
"Homer",,130,2012-07-22,5,2,"M",89,,10,,"2",,"C","FALCON",515906,2012,7,22,
"Homer",,130,2012-07-23,6,1,"F",110,,11,11,"2",,"C","GRANDE ALEUTIAN",525901,2012,7,23,
"Homer",,130,2012-07-23,6,2,"M",103,,27,26,"1",,"C","GRANDE ALEUTIAN",525901,2012,7,23,"""NO OTO"""
"Homer",,130,2012-07-26,7,1,"M",102,14,18,18,"2",,"C","FALCON",515905,2012,7,26,
"Homer",,130,2012-07-26,7,2,"M",90,7.5,11,,"2",,"C","BELLE ILE",515907,2012,7,26,
"Homer",,130,2012-07-26,7,3,"",97,9,,,,,"C","BEAU SOLEIL",525836,2012,7,26,"""NO FINRAY FILLETED OFF"""
"Homer",,130,2012-07-26,7,4,"F",96,8,,,,,"C","BEAU SOLEIL",525836,2012,7,26,"""NO FINRAY FILLETED OFF, 1 OTOLITH:"
"Homer",,130,2012-07-29,8,1,"M",110,13,23,,"1",,"P","P1",515907,2012,7,29,"ONE OTO"
"Homer",,130,2012-07-30,9,1,"M",89,,11,,"2",,"C","GRANDE ALEUTIAN",525901,2012,7,30,
"Homer",,130,2012-07-30,9,2,"M",97,,19,17,"1",,"C","GRANDE ALEUTIAN",525901,2012,7,30,"""2 PIECES"""
"Homer",,130,2012-07-30,9,3,"M",102,,25,,"1",,"C","GRANDE ALEUTIAN",525901,2012,7,30,"""NO OTO"""
"Homer",,130,2012-07-30,9,4,"M",91,,9,,"2",,"C","GRANDE ALEUTIAN",525901,2012,7,30,
"Homer",,130,2012-08-03,10,1,"M",92,,18,,"1",,"C","ARCTIC ENVY",515905,2012,8,3,
"Homer",,130,2012-08-04,11,1,"M",113,,29,,"1",,"C","FALCON",515905,2012,8,4,
"Homer",,130,2012-08-04,11,2,"F",115,,13,13,"2",,"C","STORM PETREL",515901,2012,8,4,
"Homer",,130,2012-08-04,11,3,"F",124,,19,18,"2",,"C","STORM PETREL",515901,2012,8,4,"""3 PIECES"""
"Homer",,130,2012-08-04,11,4,"F",129,,20,,"2",,"C","STORM PETREL",515901,2012,8,4,
"Homer",,130,2012-08-04,11,5,"F",127,,25,,"1",,"C","STORM PETREL",515901,2012,8,4,
"Homer",,130,2012-08-04,11,6,"F",94,,11,,"2",,"C","STORM PETREL",515901,2012,8,4,
"Homer",,130,2012-08-04,11,7,"M",96,,14,,"2",,"C","STORM PETREL",515901,2012,8,4,
"Homer",,130,2012-08-06,12,1,"F",119,,16,,"2",,"C","OCEAN HUNTER",515905,2012,8,6,"""1 OTO"""
"Homer",,130,2012-08-06,12,2,"F",113,14,13,,"2",,"C","FRINGE BENEFIT",515831,2012,8,6,"1 OTO"
"Homer",,130,2012-08-06,12,3,"F",110,14,13,13,"2",,"C","FRINGE BENEFIT",515831,2012,8,6,
"Homer",,130,2012-08-06,12,4,"F",104,10,12,12,"2",,"C","FRINGE BENEFIT",515831,2012,8,6,
"Homer",,130,2012-08-06,12,5,"F",104,12,9,,"2",,"C","FRINGE BENEFIT",515831,2012,8,6,
"Homer",,130,2012-08-06,12,6,"F",98,9,9,,"2",,"C","FRINGE BENEFIT",515831,2012,8,6,
"Homer",,130,2012-08-06,12,7,"M",98,9,15,,"1",,"C","FRINGE BENEFIT",515831,2012,8,6,
"Homer",,130,2012-08-08,13,1,"M",93,,15,15,"2",,"C","FRINGE BENEFIT",525836,2012,8,8,"1 OTO"
"Homer",,130,2012-08-12,14,1,"F",128,,17,,"2",,"C","BEAU SOLEIL",515906,2012,8,12,"NEED STAT"
"Homer",,130,2012-08-12,14,2,"F",110,,11,,"2",,"C","BEAU SOLEIL",515906,2012,8,12,"NEED STAT"
"Homer",,130,2012-08-12,14,3,"F",120,,21,,"2",,"C","BEAU SOLEIL",515906,2012,8,12,"NEED STAT"
"Homer",,130,2012-08-12,14,4,"F",108,,12,,"2",,"P","P3",515905,2012,8,12,
"Homer",,130,2012-08-12,14,5,"F",114,,15,,"2",,"P","P3",515905,2012,8,12,
"Homer",,130,2012-08-12,14,6,"M",92,,15,16,"2",,"P","P3",515905,2012,8,12,
"Homer",,130,2012-08-12,14,7,"F",92,,9,,"2",,"P","P3",515905,2012,8,12,
"Homer",,130,2012-08-13,15,1,"F",101,9,11,,"2",,"C","BEAR FORCE I",515831,2012,8,13,"NO OTO"
"Homer",,130,2012-08-13,15,2,"F",112,,14,,"1",,"C","BEAR FORCE I",515831,2012,8,13,"1 OTO"
"Homer",,130,2012-08-13,15,3,"F",123,,18,,"1",,"C","BEAR FORCE I",515831,2012,8,13,
"Homer",,130,2012-08-13,15,4,"M",105,,20,,"1",,"C","BEAR FORCE I",515831,2012,8,13,
"Homer",,130,2012-08-13,15,5,"M",88,6,14,,"2",,"C","BEAR FORCE I",515831,2012,8,13,
"Homer",,130,2012-08-13,15,6,"M",92,,16,,"1",,"C","BEAR FORCE I",515831,2012,8,13,"NO OTO"
"Homer",,130,2012-08-14,16,1,"F",111,,13,,"2",,"P","P1",515905,2012,8,14,
"Homer",,130,2012-08-14,16,2,"F",86,,8,,"2",,"P","P1",515905,2012,8,14,
"Homer",,130,2012-08-14,16,3,"M",107,,19,19,"1",,"P","P1",515905,2012,8,14,
"Homer",,130,2012-08-14,16,4,"F",95,,10,11,"2",,"P","P1",515905,2012,8,14,
"Homer",,130,2012-08-14,16,5,"M",94,,15,,"2",,"P","P1",515905,2012,8,14,
"Homer",,130,2012-08-14,16,6,"F",116,,23,,"2",,"C","GRANDE ALEUTIAN",525901,2012,8,14,
"Homer",,130,2012-08-14,16,7,"M",105,,23,,"1",,"C","GRANDE ALEUTIAN",525901,2012,8,14,
"Homer",,130,2012-08-14,16,8,"F",110,,14,14,"2",,"C","GRANDE ALEUTIAN",525901,2012,8,14,
"Homer",,130,2012-08-14,16,9,"M",88,,11,,"2",,"C","GRANDE ALEUTIAN",525901,2012,8,14,
"Homer",,130,2012-08-14,16,10,"F",122,,,,"I",,"C","GRANDE ALEUTIAN",525901,2012,8,14,
"Homer",,130,2012-08-14,16,11,"M",90,,13,,"2",,"C","GRANDE ALEUTIAN",525901,2012,8,14,
"Homer",,130,2012-08-14,16,12,"M",90,,10,,"2",,"C","GRANDE ALEUTIAN",525901,2012,8,14,
"Homer",,130,2012-08-15,17,1,"F",109,,20,,"1",,"C","SEA HAWK",515903,2012,8,15,
"Homer",,130,2012-08-15,17,2,"M",89,,11,,"2",,"C","SEA HAWK",515903,2012,8,15,
"Homer",,130,2012-08-15,17,3,"M",88,,13,,"2",,"C","SEA HAWK",515903,2012,8,15,"HEAD BASHED, 1 OTO, SPINE MANGLED, NOT CONFIDENT ON LENGTH"
"Homer",,130,2012-08-15,17,4,"M",88,,10,,"2",,"C","SEA HAWK",515903,2012,8,15,"SPINE MANGLED, NOT CONFIDENT ON LENGTH."
"Homer",,130,2012-08-15,17,5,"M",101,,20,,"1",,"C","SEA HAWK",515903,2012,8,15,
"Homer",,130,2012-08-15,17,6,"M",101,,22,,"2",,"C","SEA HAWK",515903,2012,8,15,
"Homer",,130,2012-08-20,18,1,"M",109,,22,,"1",,"C","BEAU SOLEIL",515905,2012,8,20,
"Homer",,130,2012-08-20,18,2,"M",99,,24,,"1",,"C","BEAU SOLEIL",515905,2012,8,20,
"Homer",,130,2012-08-20,18,3,"M",103,,14,,"2",,"C","BEAU SOLEIL",515905,2012,8,20,
"Homer",,130,2012-08-20,18,4,"M",102,,21,,"2",,"C","BEAU SOLEIL",515905,2012,8,20,
"Kodiak",,130,2012-07-01,1,1,"M",81,4.5,7,7,"2",,"C","C DEVIL",525733,2012,7,1,
"Kodiak",,130,2012-07-01,1,2,"M",74,4.5,10,,"2",,"C","REEL FUN",525733,2012,7,1,
"Kodiak",,130,2012-07-01,1,3,"M",91,7,12,,"2",,"C","REEL FUN",525733,2012,7,1,
"Kodiak",,130,2012-07-01,1,4,"M",70,3.5,7,7,"2",,"C","REEL FUN",525733,2012,7,1,
"Kodiak",,130,2012-07-01,1,5,"M",84,5.5,9,,"2",,"C","REEL FUN",525733,2012,7,1,
"Kodiak",,130,2012-07-01,1,6,"M",73,4.5,7,,"2",,"P","P2",525702,2012,7,1,
"Kodiak",,130,2012-07-01,1,7,"M",90,6.5,12,,"2",,"P","P2",525702,2012,7,1,
"Kodiak",,130,2012-07-01,1,8,"M",100,8,15,,"2",,"P","P2",525702,2012,7,1,
"Kodiak",,130,2012-07-01,1,9,"M",74,4.5,7,,"2",,"P","P2",525702,2012,7,1,
"Kodiak",,130,2012-07-01,1,10,"M",79,5,8,,"2",,"P","P2",525702,2012,7,1,
"Kodiak",,130,2012-07-01,1,11,"M",75,4,7,7,"2",,"P","P3",525733,2012,7,1,
"Kodiak",,130,2012-07-01,1,12,"F",80,4.5,7,,"2",,"P","P3",525733,2012,7,1,
"Kodiak",,130,2012-07-01,1,13,"M",76,4,7,,"2",,"P","P3",525733,2012,7,1,
"Kodiak",,130,2012-07-01,1,14,"M",76,4.5,7,,"2",,"P","P3",525733,2012,7,1,
"Kodiak",,130,2012-07-02,2,1,"M",74,,7,,"2",,"P","P1",525733,2012,7,2,"ONE (1) OTOLITH"
"Kodiak",,130,2012-07-02,2,2,"F",70,3.5,6,6,"2",,"C","REEL FUN",525701,2012,7,2,
"Kodiak",,130,2012-07-02,2,3,"M",66,3,6,,"2",,"C","REEL FUN",525701,2012,7,2,
"Kodiak",,130,2012-07-06,3,1,"M",96,9.5,20,,"2",,"C","SHEARWATER",525701,2012,7,6,
"Kodiak",,130,2012-07-10,4,1,"M",82,5,12,,"2",,"P","P1",525733,2012,7,10,
"Kodiak",,130,2012-07-10,4,2,"F",119,12.5,17,,"2",,"P","P2",525733,2012,7,10,
"Kodiak",,130,2012-07-10,4,3,"F",97,8.5,10,,"2",,"C","TROPHY II",525731,2012,7,10,
"Kodiak",,130,2012-07-16,5,1,"M",65,2.5,6,,"2",,"P","P1",525733,2012,7,16,
"Kodiak",,130,2012-07-16,5,2,"F",91,7.5,8,,"2",,"C","C DEVIL",525733,2012,7,16,
"Kodiak",,130,2012-07-16,5,3,"M",97,9.5,14,,"2",,"C","MOON SHADOW",525733,2012,7,16,
"Kodiak",,130,2012-07-16,5,4,"M",85,6.5,9,10,"2",,"C","MOON SHADOW",525733,2012,7,16,
"Kodiak",,130,2012-07-16,5,5,"M",81,6,9,,"2",,"C","MOON SHADOW",525733,2012,7,16,
"Kodiak",,130,2012-07-16,5,6,"M",82,5,10,,"2",,"C","MOON SHADOW",525733,2012,7,16,
"Kodiak",,130,2012-07-16,5,7,"M",87,7,9,,"2",,"C","MOON SHADOW",525733,2012,7,16,
"Kodiak",,130,2012-07-16,5,8,"M",99,9,15,,"2",,"C","MOON SHADOW",525733,2012,7,16,
"Kodiak",,130,2012-07-16,5,9,"M",81,5,8,,"2",,"C","MOON SHADOW",525733,2012,7,16,
"Kodiak",,130,2012-07-16,5,10,"M",81,5.5,9,,"2",,"C","MOON SHADOW",525733,2012,7,16,
"Kodiak",,130,2012-07-16,5,11,"M",87,7,9,10,"2",,"C","MOON SHADOW",525733,2012,7,16,
"Kodiak",,130,2012-07-16,5,12,"F",96,9.5,9,9,"2",,"C","MOON SHADOW",525733,2012,7,16,
"Kodiak",,130,2012-07-16,5,13,"M",89,6.5,12,,"2",,"C","MOON SHADOW",525733,2012,7,16,
"Kodiak",,130,2012-07-16,5,14,"M",83,6.5,9,,"2",,"C","MOON SHADOW",525733,2012,7,16,
"Kodiak",,130,2012-07-16,5,15,"F",100,9,9,,"2",,"C","MOON SHADOW",525733,2012,7,16,
"Kodiak",,130,2012-07-16,5,16,"M",106,12,24,,"2",,"C","MOON SHADOW",525733,2012,7,16,"ONE (1) OTOLITH"
"Kodiak",,130,2012-07-20,6,1,"M",86,7,10,,"2",,"P","P2",525733,2012,7,20,
"Kodiak",,130,2012-07-27,7,1,"M",80,5,9,,"2",,"C","C DEVIL",525701,2012,7,27,
"Kodiak",,130,2012-07-27,7,2,"M",70,3.5,7,,"2",,"C","C DEVIL",525701,2012,7,27,
"Kodiak",,130,2012-07-27,7,3,"F",78,4,6,7,"2",,"C","CUDA",525701,2012,7,27,
"Kodiak",,130,2012-07-27,7,4,"M",80,5,9,,"2",,"C","CUDA",525701,2012,7,27,
"Kodiak",,130,2012-07-27,7,5,"M",73,3.5,8,7,"2",,"C","CUDA",525701,2012,7,27,
"Kodiak",,130,2012-07-27,7,6,"M",83,5.5,10,,"2",,"C","CUDA",525701,2012,7,27,
"Kodiak",,130,2012-07-27,7,7,"M",74,4,8,,"2",,"C","CUDA",525701,2012,7,27,
"Kodiak",,130,2012-07-27,7,8,"M",71,3,8,,"2",,"C","CUDA",525701,2012,7,27,
"Kodiak",,130,2012-07-27,7,9,"M",92,8.5,12,,"2",,"C","CUDA",525701,2012,7,27,
"Kodiak",,130,2012-08-03,8,1,"M",65,2.5,6,,"2",,"P","P1",525733,2012,8,3,
"Kodiak",,130,2012-08-03,8,2,"M",67,,6,7,"2",,"P","P1",525733,2012,8,3,"NO WEIGHT"
"Kodiak",,130,2012-08-04,9,1,"F",89,6.5,7,,"2",,"P","P1",525733,2012,8,4,
"Kodiak",,130,2012-08-07,10,1,"M",94,8,12,,"2",,"C","MOON SHADOW",525733,2012,8,7,
"Kodiak",,130,2012-08-07,10,2,"M",75,4,7,,"2",,"C","MOON SHADOW",525733,2012,8,7,
"Kodiak",,130,2012-08-07,10,3,"M",85,6.5,12,13,"2",,"P","P2",525733,2012,8,7,
"Kodiak",,130,2012-08-15,11,1,"M",86,5.5,9,,"2",,"P","P1",525733,2012,8,15,
"Kodiak",,130,2012-08-16,12,1,"",,5,,,,,"P","P1",525733,2012,8,16,"NO LENGTH, NO SEX, NO OTOLITH, NO FIN CLIP"
"Kodiak",,130,2012-08-17,13,1,"",,6.5,,,,,"P","P1",525733,2012,8,17,"NO LENGTH, NO SEX, NO OTOLITH, NO FIN CLIP"
"Kodiak",,130,2012-08-17,13,2,"M",99,10.5,23,,"1",,"C","ROOSTER",525733,2012,8,17,
"Kodiak",,130,2012-08-17,13,3,"F",118,14.5,14,,"2",,"C","SHEARWATER",525701,2012,8,17,
"Kodiak",,130,2012-08-17,13,4,"M",82,4.5,9,9,"2",,"C","SHEARWATER",525701,2012,8,17,
"Kodiak",,130,2012-08-20,14,1,"M",78,4.5,7,8,"2",,"P","P1",525806,2012,8,20,
"Kodiak",,130,2012-08-20,14,2,"M",87,6,9,9,"2",,"C","MOON SHADOW",525733,2012,8,20,
"Kodiak",,130,2012-08-20,14,3,"F",114,13,15,,"2",,"C","U RASCAL",525701,2012,8,20,
"Kodiak",,130,2012-08-20,14,4,"F",101,10,9,,"2",,"C","U RASCAL",525701,2012,8,20,
"Kodiak",,130,2012-08-21,15,1,"M",86,,12,,"2",,"P","P1",525733,2012,8,21,"NO WEIGHT"
"Kodiak",,130,2012-08-21,15,2,"M",79,4.5,8,,"2",,"C","MOON SHADOW",525733,2012,8,21,
"Kodiak",,130,2012-08-21,15,3,"M",91,7.5,12,,"2",,"C","MOON SHADOW",525733,2012,8,21,
"Kodiak",,130,2012-08-22,16,1,"F",96,8.5,9,,"2",,"C","C DEVIL",525733,2012,8,22,"ONE (1) OTOLITH"
"Kodiak",,130,2012-08-25,17,1,"",102,11,25,,"1",,"P","P1",525733,2012,8,25,
"Kodiak",,130,2012-08-26,18,1,"M",105,16,22,,"2",,"P","P1",525733,2012,8,26,"NOT THE PREFERED FIN RAYS, APRROX 9-13"
"Kodiak",,130,2012-08-26,18,2,"M",84,5.5,10,,"2",,"C","MOON SHADOW",525733,2012,8,26,
"Kodiak",,130,2012-08-26,18,3,"F",122,18,20,,"2",,"C","MOON SHADOW",525733,2012,8,26,
"Kodiak",,130,2012-08-28,19,1,"M",81,5,9,9,"2",,"C","REEL FUN",525701,2012,8,28,
"Seward",,130,2012-07-01,1,1,"F",121,18.5,16,16,"2",,"P","P1",495932,2012,7,1,"ONE OTOLITH"
"Seward",,130,2012-07-01,1,2,"F",128,18,18,,"2",,"P","P1",495932,2012,7,1,"NO OTOS"
"Seward",,130,2012-07-01,1,3,"M",96,,15,,"1",,"P","P2",495934,2012,7,1,
"Seward",,130,2012-07-01,1,4,"M",92,,14,,"2",,"P","P3",495932,2012,7,1,
"Seward",,130,2012-07-01,1,5,"F",99,,10,10,"2",,"P","P3",495932,2012,7,1,
"Seward",,130,2012-07-01,1,6,"F",111,13.5,13,,"2",,"C","SWELLTIME",475931,2012,7,1,"NO OTOS"
"Seward",,130,2012-07-01,1,7,"F",114,,14,,"2",,"C","NAUTI GIRL",495932,2012,7,1,
"Seward",,130,2012-07-01,1,8,"F",121,,18,,"1",,"C","NAUTI GIRL",495932,2012,7,1,
"Seward",,130,2012-07-01,1,9,"F",107,,14,14,"2",,"C","NAUTI GIRL",495932,2012,7,1,"ONE OTOLITH"
"Seward",,130,2012-07-01,1,10,"F",103,,15,,"1",,"C","NAUTI GIRL",495932,2012,7,1,"NO OTOLITHS"
"Seward",,130,2012-07-01,1,11,"M",93,,14,,"2",,"C","NAUTI GIRL",495932,2012,7,1,
"Seward",,130,2012-07-01,1,12,"M",104,,18,,"1",,"C","NAUTI GIRL",495932,2012,7,1,"NO OTOLITHS, ANGLER RETAINED WHOLE HEAD. HES PLANNING ON BRINING IT ""JUST TO KEEP IT AROUND"" :)"
"Seward",,130,2012-07-01,1,13,"M",93,,13,,"1",,"C","NAUTI GIRL",495932,2012,7,1,
"Seward",,130,2012-07-01,1,14,"F",97,,12,,"1",,"C","ALASKAN SUMMER",495902,2012,7,1,"ONE OTOLITH"
"Seward",,130,2012-07-01,1,15,"F",104,,15,,"2",,"C","ALASKAN SUMMER",495902,2012,7,1,"ONE OTOLITH"
"Seward",,130,2012-07-01,1,16,"F",94,,9,,"2",,"C","ALASKAN SUMMER",495902,2012,7,1,
"Seward",,130,2012-07-01,1,17,"F",102,,11,12,"1",,"C","ALASKAN SUMMER",495902,2012,7,1,
"Seward",,130,2012-07-01,1,18,"F",107,,15,,"2",,"C","ALASKAN SUMMER",495902,2012,7,1,
"Seward",,130,2012-07-01,1,19,"M",97,,14,,"2",,"C","ALASKAN SUMMER",495902,2012,7,1,
"Seward",,130,2012-07-02,2,1,"M",97,,13,,"2",,"P","P1",495932,2012,7,2,
"Seward",,130,2012-07-02,2,2,"F",93,7,9,8,"2",,"C","GUSTO",475931,2012,7,2,"1 OTO"
"Seward",,130,2012-07-02,2,3,"F",118,14,16,,"2",,"C","GUSTO",475931,2012,7,2,
"Seward",,130,2012-07-02,2,4,"F",101,9.5,12,11,"2",,"C","GUSTO",475931,2012,7,2,
"Seward",,130,2012-07-02,2,5,"F",103,,13,,"2",,"C","GUSTO",475931,2012,7,2,
"Seward",,130,2012-07-02,2,6,"F",97,7.5,11,,"2",,"C","GUSTO",475931,2012,7,2,"NO OTOLITHS"
"Seward",,130,2012-07-02,2,7,"F",105,10.5,12,,"2",,"C","GUSTO",475931,2012,7,2,"ONE OTO"
"Seward",,130,2012-07-02,2,8,"F",103,11.5,12,12,"2",,"C","GUSTO",475931,2012,7,2,"ONE OTOLITH"
"Seward",,130,2012-07-02,2,9,"F",110,12,12,,"2",,"C","GUSTO",475931,2012,7,2,"NO OTOLITHS"
"Seward",,130,2012-07-02,2,10,"F",109,,14,,"2",,"C","GUSTO",475931,2012,7,2,"ONE OTOLITH"
"Seward",,130,2012-07-02,2,11,"F",109,,14,13,"2",,"C","GUSTO",475931,2012,7,2,
"Seward",,130,2012-07-02,2,12,"F",111,,16,,"2",,"C","GUSTO",475931,2012,7,2,
"Seward",,130,2012-07-02,2,13,"F",109,,15,,"1",,"C","GUSTO",475931,2012,7,2,"ONE OTOLITH"
"Seward",,130,2012-07-02,2,14,"F",115,,14,,"2",,"C","GUSTO",475931,2012,7,2,"NO OTOLITHS"
"Seward",,130,2012-07-02,2,15,"M",94,8,14,,"2",,"C","GUSTO",475931,2012,7,2,"ONE OTOLITH"
"Seward",,130,2012-07-16,3,1,"F",123,,24,,"1",,"C","ALASKAN SUMMER",485931,2012,7,16,"NO OTOLITHS"
"Seward",,130,2012-07-17,4,1,"",111,11,14,,"2",,"C","SEA MASTER 33",495932,2012,7,17,"GONADS FILLETED OFF"
"Seward",,130,2012-07-17,4,2,"",125,18,18,,"2",,"C","SEA MASTER 33",495932,2012,7,17,"GONADS FILLETED OFF"
"Seward",,130,2012-07-17,4,3,"F",130,22,22,,"1",,"C","ROGUE",475934,2012,7,17,"NO OTOLITHS"
"Seward",,130,2012-07-17,4,4,"F",111,11.5,13,,"2",,"C","ROGUE",475934,2012,7,17,"ONE OTOLITH"
"Seward",,130,2012-07-17,4,5,"F",118,,15,,"2",,"C","ROGUE",475934,2012,7,17,"NO OTOLITHS"
"Seward",,130,2012-07-17,4,6,"F",110,,15,,"2",,"C","ROGUE",475934,2012,7,17,"ONE OTO"
"Seward",,130,2012-07-17,4,7,"F",96,8,,,,,"C","ROGUE",475934,2012,7,17,"FIN RAYS FILLETED OFF, ONE OTOLITH"
"Seward",,130,2012-07-17,4,8,"M",91,7,12,,"2",,"C","ROGUE",475934,2012,7,17,"ONE OTOLITH"
"Seward",,130,2012-07-17,4,9,"F",102,11,10,,"2",,"C","VISITATION",495932,2012,7,17,
"Seward",,130,2012-07-17,4,10,"F",104,,13,,"1",,"C","VISITATION",495932,2012,7,17,
"Seward",,130,2012-07-17,4,11,"F",101,12,13,,"1",,"C","VISITATION",495932,2012,7,17,"NO OTOLITHS"
"Seward",,130,2012-07-17,4,12,"M",100,11.5,17,,"2",,"C","VISITATION",495932,2012,7,17,
"Seward",,130,2012-07-17,4,13,"F",99,,10,,"2",,"C","OFFSHORE HUNTER",485932,2012,7,17,
"Seward",,130,2012-07-17,4,14,"F",110,,14,,"2",,"C","OFFSHORE HUNTER",485932,2012,7,17,
"Seward",,130,2012-07-17,4,15,"F",128,,20,,"1",,"C","OFFSHORE HUNTER",485932,2012,7,17,
"Seward",,130,2012-07-17,4,16,"F",113,,15,15,"2",,"C","OFFSHORE HUNTER",485932,2012,7,17,
"Seward",,130,2012-07-17,4,17,"F",120,,20,,"2",,"C","OFFSHORE HUNTER",485932,2012,7,17,"ONE OTOLITH"
"Seward",,130,2012-07-17,4,18,"M",89,,15,,"2",,"C","OFFSHORE HUNTER",485932,2012,7,17,"ONE OTOLITH"
"Seward",,130,2012-07-17,4,19,"M",105,,23,23,"1",,"C","OFFSHORE HUNTER",485932,2012,7,17,
"Seward",,130,2012-07-23,5,1,"M",94,7.5,16,,"2",,"C","TOP COVER",485932,2012,7,23,"ONE OTO"
"Seward",,130,2012-07-23,5,2,"F",96,,12,,"2",,"C","JACKPOT",485931,2012,7,23,"NO OTOLITHS"
"Seward",,130,2012-07-23,5,3,"F",103,,11,,"2",,"C","JACKPOT",485931,2012,7,23,
"Seward",,130,2012-07-23,5,4,"F",92,,9,,"2",,"C","JACKPOT",485931,2012,7,23,
"Seward",,130,2012-07-23,5,5,"F",110,,13,,"2",,"C","JACKPOT",485931,2012,7,23,"NO OTOLITHS"
"Seward",,130,2012-07-23,5,6,"F",113,,15,,"2",,"C","JACKPOT",485931,2012,7,23,
"Seward",,130,2012-07-23,5,7,"F",108,,11,11,"2",,"C","JACKPOT",485931,2012,7,23,"NO OTOLITHS"
"Seward",,130,2012-07-23,5,8,"F",93,,9,9,"2",,"C","JACKPOT",485931,2012,7,23,
"Seward",,130,2012-07-23,5,9,"F",122,,15,,"2",,"C","JACKPOT",485931,2012,7,23,"NO OTOLITHS"
"Seward",,130,2012-07-23,5,10,"F",102,,11,,"2",,"C","JACKPOT",485931,2012,7,23,
"Seward",,130,2012-07-23,5,11,"F",104,,10,,"2",,"C","JACKPOT",485931,2012,7,23,"NO OTOLITHS"
"Seward",,130,2012-07-23,5,12,"",,,8,,"2",,"C","JACKPOT",485931,2012,7,23,"ONE OTOLITH, TAIL & GONADS FILLETED OFF"
"Seward",,130,2012-07-23,5,13,"M",94,,16,16,"2",,"C","JACKPOT",485931,2012,7,23,
"Seward",,130,2012-07-23,5,14,"M",91,,11,,"2",,"C","JACKPOT",485931,2012,7,23,
"Seward",,130,2012-07-26,6,1,"M",91,,14,,"2",,"P","P5",495932,2012,7,26,
"Seward",,130,2012-07-26,6,2,"F",94,8,12,,"2",,"P","P1",485935,2012,7,26,
"Seward",,130,2012-07-26,6,3,"",,,18,,"2",,"C","OFFSHORE HUNTER",485932,2012,7,26,"FORGOT TO WRITE LENGTH"
"Seward",,130,2012-07-26,6,4,"F",123,,22,,"1",,"C","OFFSHORE HUNTER",485932,2012,7,26,
"Seward",,130,2012-07-26,6,5,"F",93,,11,,"2",,"C","OFFSHORE HUNTER",485932,2012,7,26,
"Seward",,130,2012-07-26,6,6,"F",136,,,,"I",,"C","OFFSHORE HUNTER",485932,2012,7,26,
"Seward",,130,2012-07-26,6,7,"F",129,,23,,"2",,"C","OFFSHORE HUNTER",485932,2012,7,26,
"Seward",,130,2012-07-26,6,8,"F",106,,13,,"2",,"C","OFFSHORE HUNTER",485932,2012,7,26,
"Seward",,130,2012-07-27,7,1,"F",116,,15,,"2",,"P","P6",475931,2012,7,27,
"Seward",,130,2012-07-27,7,2,"F",109,,15,,"2",,"P","P6",475931,2012,7,27,
"Seward",,130,2012-07-27,7,3,"F",118,,19,,"2",,"P","P6",475931,2012,7,27,
"Seward",,130,2012-07-27,7,4,"F",111,,15,,"2",,"P","P6",475931,2012,7,27,"ONE OTO"
"Seward",,130,2012-07-27,7,5,"F",109,,18,18,"2",,"P","P6",475931,2012,7,27,
"Seward",,130,2012-07-27,7,6,"F",101,,12,12,"2",,"P","P6",475931,2012,7,27,
"Seward",,130,2012-07-27,7,7,"F",110,,16,,"2",,"P","P6",475931,2012,7,27,"NO OTOLITHS"
"Seward",,130,2012-07-27,7,8,"F",122,,17,,"1",,"P","P6",475931,2012,7,27,
"Seward",,130,2012-07-27,7,9,"F",96,,12,,"2",,"P","P6",475931,2012,7,27,
"Seward",,130,2012-07-27,7,10,"F",121,,23,,"1",,"P","P6",475931,2012,7,27,
"Seward",,130,2012-07-27,7,11,"F",123,,19,,"2",,"P","P6",475931,2012,7,27,"ONE OTOLITH"
"Seward",,130,2012-07-27,7,12,"M",92,,17,16,"1",,"P","P6",475931,2012,7,27,
"Seward",,130,2012-07-27,7,13,"M",89,,11,,"2",,"C","GENETIC RESPONSE",485933,2012,7,27,
"Seward",,130,2012-07-28,8,1,"F",117,,14,,"2",,"C","SEAFARER",485932,2012,7,28,
"Seward",,130,2012-07-28,8,2,"F",100,,11,,"2",,"C","HUNTER",485932,2012,7,28,
"Seward",,130,2012-07-28,8,3,"M",97,,12,,"2",,"C","ROGUE",485932,2012,7,28,
"Seward",,130,2012-07-28,8,4,"M",92,,15,,"1",,"C","ROGUE",485932,2012,7,28,
"Seward",,130,2012-07-28,8,5,"F",106,,13,13,"2",,"C","ORION",475932,2012,7,28,
"Seward",,130,2012-07-28,8,6,"F",123,,21,,"1",,"C","ORION",475932,2012,7,28,
"Seward",,130,2012-07-28,8,7,"F",112,,17,,"2",,"C","ORION",475932,2012,7,28,"""NO OTOS"""
"Seward",,130,2012-07-28,8,8,"M",100,,16,15,"2",,"C","ORION",475932,2012,7,28,
"Seward",,130,2012-07-28,8,9,"M",91,,16,,"2",,"C","ONE DAY",485932,2012,7,28,
"Seward",,130,2012-07-28,8,10,"M",92,,15,,"2",,"C","ONE DAY",485932,2012,7,28,
"Seward",,130,2012-07-28,8,11,"M",90,,16,,"2",,"C","ONE DAY",485932,2012,7,28,
"Seward",,130,2012-07-28,8,12,"M",92,,16,,"2",,"C","ONE DAY",485932,2012,7,28,
"Seward",,130,2012-07-29,9,1,"F",99,9,14,,"2",,"P","P1",495932,2012,7,29,
"Seward",,130,2012-07-29,9,2,"F",114,13,14,,"2",,"P","P1",495932,2012,7,29,
"Seward",,130,2012-07-29,9,3,"F",97,,9,,"2",,"P","P1",495932,2012,7,29,
"Seward",,130,2012-07-29,9,4,"F",93,,10,,"2",,"P","P1",495932,2012,7,29,
"Seward",,130,2012-07-29,9,5,"F",97,8,11,,"2",,"P","P4",495932,2012,7,29,
"Seward",,130,2012-07-29,9,6,"F",115,17,15,,"2",,"P","P4",495932,2012,7,29,
"Seward",,130,2012-07-30,10,1,"",,,16,,"2",,"P","P1",495938,2012,7,30,"NO LENGTH"
"Seward",,130,2012-07-30,10,2,"M",88,,13,,"2",,"C","SNOWBIRD",485932,2012,7,30,
"Seward",,130,2012-07-30,10,3,"F",123,,21,22,"1",,"C","JACKPOT",485932,2012,7,30,"DEC SAMPLE"
"Seward",,130,2012-07-30,10,4,"M",101,,13,,"2",,"C","JACKPOT",485932,2012,7,30,"DEC SAMPLE, ONE OTO"
"Seward",,130,2012-07-31,11,1,"F",105,,15,,"1",,"C","LEGACY",475931,2012,7,31,
"Seward",,130,2012-07-31,11,2,"M",95,,14,,"2",,"C","LEGACY",475931,2012,7,31,
"Seward",,130,2012-07-31,11,3,"",109,,15,14,"2",,"C","ALASKAN SUMMER",485933,2012,7,31,"ONE OTO"
"Seward",,130,2012-07-31,11,4,"F",113,,15,14,"2",,"C","REVALATION",475931,2012,7,31,
"Seward",,130,2012-08-04,12,1,"M",96,,16,,"2",,"P","P3",495938,2012,8,4,
"Seward",,130,2012-08-04,12,2,"M",93,,15,15,"2",,"P","P6",485935,2012,8,4,
"Seward",,130,2012-08-04,12,3,"F",96,,10,,"2",,"P","P9",495902,2012,8,4,
"Seward",,130,2012-08-04,12,4,"F",89,,,,,,"P","P9",495902,2012,8,4,"FINS FILLETED OFF, ONE OTOLITH"
"Seward",,130,2012-08-04,12,5,"F",97,,9,,"2",,"P","P9",495902,2012,8,4,
"Seward",,130,2012-08-04,12,6,"F",102,,11,,"2",,"C","NAUTI GIRL",495932,2012,8,4,
"Seward",,130,2012-08-04,12,7,"F",104,,13,,"2",,"C","NAUTI GIRL",495932,2012,8,4,"TWO BROKEN OTOLITHS"
"Seward",,130,2012-08-04,12,8,"F",104,,17,,"1",,"C","NAUTI GIRL",495932,2012,8,4,
"Seward",,130,2012-08-04,12,9,"F",107,,14,,"2",,"C","NAUTI GIRL",495932,2012,8,4,
"Seward",,130,2012-08-04,12,10,"F",103,,14,14,"2",,"C","NAUTI GIRL",495932,2012,8,4,"ONE BROKEN OTOLITH"
"Seward",,130,2012-08-04,12,11,"M",92,,15,15,"2",,"C","NAUTI GIRL",495932,2012,8,4,
"Seward",,130,2012-08-04,12,12,"F",111,,16,,"2",,"C","WHITE BEAR",475932,2012,8,4,
"Seward",,130,2012-08-04,12,13,"F",92,,9,,"2",,"C","WHITE BEAR",475932,2012,8,4,
"Seward",,130,2012-08-04,12,14,"F",110,,19,20,"2",,"C","WHITE BEAR",475932,2012,8,4,
"Seward",,130,2012-08-04,12,15,"F",97,,11,,"2",,"C","WHITE BEAR",475932,2012,8,4,
"Seward",,130,2012-08-04,12,16,"F",109,,13,,"2",,"C","WHITE BEAR",475932,2012,8,4,
"Seward",,130,2012-08-04,12,17,"F",97,,14,,"2",,"C","WHITE BEAR",475932,2012,8,4,
"Seward",,130,2012-08-04,12,18,"F",110,,15,16,"2",,"C","WHITE BEAR",475932,2012,8,4,
"Seward",,130,2012-08-04,12,19,"F",109,,18,,"2",,"C","WHITE BEAR",475932,2012,8,4,
"Seward",,130,2012-08-04,12,20,"F",95,,9,,"2",,"C","WHITE BEAR",475932,2012,8,4,"NO OTOLITHS"
"Seward",,130,2012-08-04,12,21,"F",107,,13,,"2",,"C","WHITE BEAR",475932,2012,8,4,
"Seward",,130,2012-08-05,13,1,"F",126,,19,,"2",,"P","P3",495932,2012,8,5,
"Seward",,130,2012-08-05,13,2,"F",117,,18,,"2",,"C","VIKING",475932,2012,8,5,
"Seward",,130,2012-08-05,13,3,"F",117,,19,,"2",,"C","LEGEND",495939,2012,8,5,"ONE OTOLITH"
"Seward",,130,2012-08-06,14,1,"M",98,9.5,13,13,"2",,"C","SNOWBIRD",485935,2012,8,6,"DEC SAMPLED"
"Seward",,130,2012-08-08,15,1,"F",108,,14,,"2",,"C","ONE DAY",475934,2012,8,8,"ONE OTOLITH"
"Seward",,130,2012-08-08,15,2,"F",112,,14,16,"2",,"C","ONE DAY",475934,2012,8,8,"NO OTOLITHS"
"Seward",,130,2012-08-08,15,3,"F",89,,8,,"2",,"C","ONE DAY",475934,2012,8,8,
"Seward",,130,2012-08-08,15,4,"F",121,,22,,"2",,"C","ONE DAY",475934,2012,8,8,
"Seward",,130,2012-08-08,15,5,"F",114,,15,,"2",,"C","ONE DAY",475934,2012,8,8,"ONE OTO"
"Seward",,130,2012-08-08,15,6,"F",105,,13,,"2",,"C","ONE DAY",475934,2012,8,8,"NO OTO"
"Seward",,130,2012-08-08,15,7,"F",97,,9,9,"2",,"C","ONE DAY",475934,2012,8,8,"ONE OTO"
"Seward",,130,2012-08-08,15,8,"F",96,,8,9,"1",,"C","ONE DAY",475934,2012,8,8,"NO OTO"
"Seward",,130,2012-08-08,15,9,"F",104,,13,,"2",,"C","ONE DAY",475934,2012,8,8,
"Seward",,130,2012-08-08,15,10,"F",117,,14,,"2",,"C","ONE DAY",475934,2012,8,8,
"Seward",,130,2012-08-08,15,11,"M",91,,12,12,"2",,"C","ONE DAY",475934,2012,8,8,"ONE OTOLITH"
"Seward",,130,2012-08-08,15,12,"M",88,,12,,"2",,"C","ONE DAY",475934,2012,8,8,
"Seward",,130,2012-08-08,15,13,"F",96,9,10,,"2",,"C","FISH MAGNET",485935,2012,8,8,"ONE OTOLITH"
"Seward",,130,2012-08-08,15,14,"F",102,10,15,,"1",,"C","FISH MAGNET",485935,2012,8,8,"ONE OTOLITH"
"Seward",,130,2012-08-08,15,15,"F",116,15.5,16,,"2",,"C","FISH MAGNET",485935,2012,8,8,"ONE OTOLITH"
"Seward",,130,2012-08-08,15,16,"F",115,17,14,,"2",,"C","FISH MAGNET",485935,2012,8,8,
"Seward",,130,2012-08-08,15,17,"F",114,16.5,15,,"2",,"C","FISH MAGNET",485935,2012,8,8,
"Seward",,130,2012-08-08,15,18,"F",93,8,8,,"2",,"C","FISH MAGNET",485935,2012,8,8,
"Seward",,130,2012-08-08,15,19,"F",110,13.5,13,13,"2",,"C","FISH MAGNET",485935,2012,8,8,
"Seward",,130,2012-08-08,15,20,"F",116,17.5,16,,"2",,"C","FISH MAGNET",485935,2012,8,8,
"Seward",,130,2012-08-08,15,21,"F",118,14.5,16,,"2",,"C","FISH MAGNET",485935,2012,8,8,
"Seward",,130,2012-08-08,15,22,"M",92,7,9,,"2",,"C","FISH MAGNET",485935,2012,8,8,"ONE OTOLITH"
"Seward",,130,2012-08-08,15,23,"M",107,12,20,,"1",,"C","FISH MAGNET",485935,2012,8,8,"ONE OTOLITH"
"Seward",,130,2012-08-08,15,24,"F",98,,15,,"2",,"C","OFFSHORE HUNTER",475934,2012,8,8,"ONE OTOLITH"
"Seward",,130,2012-08-08,15,25,"F",107,,12,,"2",,"C","OFFSHORE HUNTER",475934,2012,8,8,"ONE OTOLITH"
"Seward",,130,2012-08-08,15,26,"F",110,,11,,"2",,"C","OFFSHORE HUNTER",475934,2012,8,8,"ONE OTOLITH"
"Seward",,130,2012-08-08,15,27,"F",113,,14,,"1",,"C","OFFSHORE HUNTER",475934,2012,8,8,"ONE OTOLITH"
"Seward",,130,2012-08-08,15,28,"F",115,,15,,"2",,"C","OFFSHORE HUNTER",475934,2012,8,8,
"Seward",,130,2012-08-08,15,29,"F",125,,17,,"2",,"C","OFFSHORE HUNTER",475934,2012,8,8,
"Seward",,130,2012-08-08,15,30,"F",104,,11,13,"1",,"C","OFFSHORE HUNTER",475934,2012,8,8,
"Seward",,130,2012-08-08,15,31,"F",111,,13,14,"2",,"C","OFFSHORE HUNTER",475934,2012,8,8,
"Seward",,130,2012-08-08,15,32,"F",93,,12,,"1",,"C","OFFSHORE HUNTER",475934,2012,8,8,
"Seward",,130,2012-08-08,15,33,"F",106,,14,,"2",,"C","OFFSHORE HUNTER",475934,2012,8,8,
"Seward",,130,2012-08-08,15,34,"F",103,,10,,"2",,"C","OFFSHORE HUNTER",475934,2012,8,8,
"Seward",,130,2012-08-08,15,35,"M",101,,20,19,"1",,"C","OFFSHORE HUNTER",475934,2012,8,8,
"Seward",,130,2012-08-08,15,36,"F",116,,15,,"1",,"C","GRUBSTAKE",495902,2012,8,8,
"Seward",,130,2012-08-08,15,37,"F",110,,18,,"2",,"C","GRUBSTAKE",495902,2012,8,8,
"Seward",,130,2012-08-08,15,38,"F",95,,10,11,"2",,"C","GRUBSTAKE",495902,2012,8,8,
"Seward",,130,2012-08-08,15,39,"M",93,,15,,"2",,"C","GRUBSTAKE",495902,2012,8,8,
"Seward",,130,2012-08-08,15,40,"M",101,,16,,"1",,"C","HUNTER",475934,2012,8,8,
"Seward",,130,2012-08-08,15,41,"M",103,,18,,"1",,"C","HUNTER",475934,2012,8,8,"DEC SAMPLE"
"Seward",,130,2012-08-08,15,42,"F",114,,11,,"2",,"C","ADVENTURESS",485931,2012,8,8,"NO OTOLITHS"
"Seward",,130,2012-08-08,15,43,"F",119,,16,,"2",,"C","ADVENTURESS",485931,2012,8,8,
"Seward",,130,2012-08-08,15,44,"F",119,,20,,"1",,"C","EL PATRON",475931,2012,8,8,"SHOT IN HEAD, NO OTOLITHS"
"Seward",,130,2012-08-08,15,45,"F",138,,,,"I",,"C","EL PATRON",475931,2012,8,8,"NO OTOLITHS"
"Seward",,130,2012-08-08,15,46,"F",109,,12,,"2",,"C","EL PATRON",475931,2012,8,8,"NO OTOLITHS"
"Seward",,130,2012-08-08,15,47,"F",90,,10,10,"2",,"C","EL PATRON",475931,2012,8,8,"NO OTOLITHS"
"Seward",,130,2012-08-08,15,48,"F",104,,14,,"2",,"C","EL PATRON",475931,2012,8,8,
"Seward",,130,2012-08-08,15,49,"F",91,,8,,"2",,"C","EL PATRON",475931,2012,8,8,
"Seward",,130,2012-08-08,15,50,"F",94,,10,,"2",,"C","EL PATRON",475931,2012,8,8,
"Seward",,130,2012-08-08,15,51,"F",133,,23,,"1",,"C","EL PATRON",475931,2012,8,8,
"Seward",,130,2012-08-08,15,52,"M",93,,15,,"2",,"C","EL PATRON",475931,2012,8,8,"NO OTOLITHS"
"Seward",,130,2012-08-08,15,53,"M",100,,19,19,"2",,"C","EL PATRON",475931,2012,8,8,"ONE OTOLITH"
"Seward",,130,2012-08-08,15,54,"M",93,,13,,"2",,"C","EL PATRON",475931,2012,8,8,
"Seward",,130,2012-08-08,15,55,"M",96,,17,,"1",,"C","EL PATRON",475931,2012,8,8,
"Seward",,130,2012-08-08,15,56,"F",116,,16,,"2",,"C","CRACKERJACK VOYAGER",485932,2012,8,8,"NO OTOLITHS"
"Seward",,130,2012-08-08,15,57,"F",113,,15,,"2",,"C","CRACKERJACK VOYAGER",485932,2012,8,8,"NO OTOLITHS"
"Seward",,130,2012-08-08,15,58,"F",121,,18,,"1",,"C","CRACKERJACK VOYAGER",485932,2012,8,8,"NO OTOLITHS"
"Seward",,130,2012-08-10,16,1,"F",113,,13,,"2",,"P","P1",485934,2012,8,10,
"Seward",,130,2012-08-10,16,2,"F",117,,18,,"2",,"P","P1",485934,2012,8,10,"ONE OTOLITH"
"Seward",,130,2012-08-10,16,3,"F",120,,21,23,"1",,"C","GUSTO",495938,2012,8,10,"ONE OTOLITH"
"Seward",,130,2012-08-10,16,4,"F",125,,21,22,"1",,"C","GUSTO",495938,2012,8,10,
"Seward",,130,2012-08-10,16,5,"F",104,,13,,"2",,"C","REVALATION",485932,2012,8,10,
"Seward",,130,2012-08-10,16,6,"F",118,,18,,"2",,"C","REVALATION",485932,2012,8,10,
"Seward",,130,2012-08-10,16,7,"F",96,,10,10,"2",,"C","REVALATION",485932,2012,8,10,
"Seward",,130,2012-08-10,16,8,"F",102,,13,12,"2",,"C","REVALATION",485932,2012,8,10,"NO OTOLITHS"
"Seward",,130,2012-08-10,16,9,"F",120,,20,,"1",,"C","REVALATION",485932,2012,8,10,
"Seward",,130,2012-08-10,16,10,"F",110,,17,17,"2",,"C","REVALATION",485932,2012,8,10,
"Seward",,130,2012-08-10,16,11,"F",119,,23,,"1",,"C","REVALATION",485932,2012,8,10,
"Seward",,130,2012-08-10,16,12,"F",111,,15,,"1",,"C","REVALATION",485932,2012,8,10,"BROKEN OTOLITHS"
"Seward",,130,2012-08-10,16,13,"F",123,,18,,"2",,"C","REVALATION",485932,2012,8,10,"ONE OTOLITH"
"Seward",,130,2012-08-10,16,14,"F",101,,11,,"2",,"C","REVALATION",485932,2012,8,10,
"Seward",,130,2012-08-10,16,15,"F",107,,16,,"2",,"C","REVALATION",485932,2012,8,10,
"Seward",,130,2012-08-10,16,16,"F",124,,22,,"2",,"C","REVALATION",485932,2012,8,10,"NO OTOLITHS"
"Seward",,130,2012-08-10,16,17,"M",91,,13,,"2",,"C","REVALATION",485932,2012,8,10,
"Seward",,130,2012-08-11,17,1,"F",112,,13,,"2",,"P","P11",485932,2012,8,11,
"Seward",,130,2012-08-11,17,2,"F",110,,13,,"2",,"P","P12",485934,2012,8,11,
"Seward",,130,2012-08-11,17,3,"F",116,,15,,"2",,"P","P12",485934,2012,8,11,
"Seward",,130,2012-08-11,17,4,"F",110,,12,,"2",,"P","P12",485934,2012,8,11,
"Seward",,130,2012-08-11,17,5,"",93,8,18,17,"1",,"P","P12",485934,2012,8,11,
"Seward",,130,2012-08-11,17,6,"M",93,,15,15,"2",,"P","P13",485932,2012,8,11,
"Seward",,130,2012-08-12,18,1,"F",88,,8,,"2",,"P","P3",475931,2012,8,12,
"Seward",,130,2012-08-12,18,2,"F",90,,9,,"2",,"P","P3",475931,2012,8,12,
"Seward",,130,2012-08-12,18,3,"F",92,,10,,"2",,"P","P3",475931,2012,8,12,
"Seward",,130,2012-08-12,18,4,"M",102,,16,,"2",,"P","P3",475931,2012,8,12,"1 OTO"
"Seward",,130,2012-08-12,18,5,"M",93,,12,,"2",,"P","P3",475931,2012,8,12,
"Seward",,130,2012-08-12,18,6,"F",107,,13,,"2",,"C","WAY TO GO",485935,2012,8,12,
"Seward",,130,2012-08-12,18,7,"F",113,,13,,"2",,"C","CRACKERJACK",475934,2012,8,12,
"Seward",,130,2012-08-12,18,8,"F",120,,22,,"2",,"C","CRACKERJACK",475934,2012,8,12,"NO OTOLITHS"
"Seward",,130,2012-08-12,18,9,"F",111,,13,,"2",,"C","CRACKERJACK",475934,2012,8,12,"NO OTOLITHS"
"Seward",,130,2012-08-12,18,10,"F",120,,17,,"2",,"C","CRACKERJACK",475934,2012,8,12,
"Seward",,130,2012-08-12,18,11,"F",116,,16,18,"2",,"C","CRACKERJACK",475934,2012,8,12,
"Seward",,130,2012-08-12,18,12,"M",102,,16,,"2",,"C","CRACKERJACK",475934,2012,8,12,
"Seward",,130,2012-08-12,18,13,"M",101,,19,,"2",,"C","CRACKERJACK",475934,2012,8,12,
"Seward",,130,2012-08-12,18,14,"F",118,,22,23,"1",,"C","PROVIDER",475933,2012,8,12,
"Seward",,130,2012-08-12,18,15,"F",129,,22,21,"1",,"C","PROVIDER",475933,2012,8,12,"NO OTOLITHS"
"Seward",,130,2012-08-12,18,16,"F",124,,19,,"2",,"C","PROVIDER",475933,2012,8,12,
"Seward",,130,2012-08-12,18,17,"F",122,,19,,"2",,"C","PROVIDER",475933,2012,8,12,"NO OTOLITHS"
"Seward",,130,2012-08-12,18,18,"F",109,,13,,"2",,"C","PROVIDER",475933,2012,8,12,"NO OTOLITHS"
"Seward",,130,2012-08-12,18,19,"M",121,,21,21,"2",,"C","PROVIDER",475933,2012,8,12,"ONE OTOLITH"
"Seward",,130,2012-08-12,18,20,"F",111,,13,,"2",,"C","PURSUIT",485931,2012,8,12,"1 OTO"
"Seward",,130,2012-08-12,18,21,"F",111,,14,,"2",,"C","PURSUIT",485931,2012,8,12,"1 OTO"
"Seward",,130,2012-08-12,18,22,"F",108,,14,13,"2",,"C","PURSUIT",485931,2012,8,12,
"Seward",,130,2012-08-12,18,23,"F",121,,17,,"2",,"C","PURSUIT",485931,2012,8,12,
"Seward",,130,2012-08-12,18,24,"F",100,,9,,"2",,"C","PURSUIT",485931,2012,8,12,
"Seward",,130,2012-08-12,18,25,"F",122,,18,,"2",,"C","PURSUIT",485931,2012,8,12,
"Seward",,130,2012-08-12,18,26,"F",107,,14,,"2",,"C","PURSUIT",485931,2012,8,12,
"Seward",,130,2012-08-12,18,27,"F",114,,14,,"2",,"C","PURSUIT",485931,2012,8,12,"NO OTOLITHS"
"Seward",,130,2012-08-12,18,28,"F",109,,12,,"2",,"C","PURSUIT",485931,2012,8,12,
"Seward",,130,2012-08-12,18,29,"F",114,,16,,"2",,"C","PURSUIT",485931,2012,8,12,"ONE OTOLITH"
"Seward",,130,2012-08-12,18,30,"F",118,,16,,"2",,"C","PURSUIT",485931,2012,8,12,"ONE OTO"
"Seward",,130,2012-08-12,18,31,"F",114,,13,,"2",,"C","PURSUIT",485931,2012,8,12,
"Seward",,130,2012-08-12,18,32,"F",116,,13,,"2",,"C","PURSUIT",485931,2012,8,12,
"Seward",,130,2012-08-12,18,33,"F",109,,16,16,"2",,"C","PURSUIT",485931,2012,8,12,"NO OTOS"
"Seward",,130,2012-08-12,18,34,"F",106,,14,,"2",,"C","PURSUIT",485931,2012,8,12,
"Seward",,130,2012-08-12,18,35,"F",129,,19,,"2",,"C","PURSUIT",485931,2012,8,12,
"Seward",,130,2012-08-12,18,36,"F",116,,13,,"2",,"C","PURSUIT",485931,2012,8,12,"ONE OTOLITH"
"Seward",,130,2012-08-13,19,1,"F",122,,20,,"2",,"C","SNOWBIRD",485932,2012,8,13,"NO OTOLITHS"
"Seward",,130,2012-08-13,19,2,"F",105,,13,,"2",,"C","SNOWBIRD",485932,2012,8,13,"DEC SAMPLE"
"Seward",,130,2012-08-13,19,3,"F",94,,8,9,"2",,"C","SNOWBIRD",485932,2012,8,13,"DEC SAMPLE, NO OTOLITHS"
"Seward",,130,2012-08-13,19,4,"F",94,,9,,"2",,"C","SNOWBIRD",485932,2012,8,13,"DEC SAMPLE, ONE OTOLITH"
"Seward",,130,2012-08-13,19,5,"M",93,,14,,"2",,"C","SNOWBIRD",485932,2012,8,13,"DEC SAMPLE"
"Seward",,130,2012-08-13,19,6,"M",95,,15,,"2",,"C","SNOWBIRD",485932,2012,8,13,
"Seward",,130,2012-08-13,19,7,"F",119,,16,,"2",,"C","JACKPOT",485931,2012,8,13,
"Seward",,130,2012-08-13,19,8,"F",121,17,15,,"2",,"C","TOP COVER",485932,2012,8,13,"NO OTOS"
"Seward",,130,2012-08-13,19,9,"F",114,12.5,13,,"2",,"C","TOP COVER",485932,2012,8,13,"NO OTOLITHS"
"Seward",,130,2012-08-13,19,10,"F",118,16,16,,"2",,"C","TOP COVER",485932,2012,8,13,
"Seward",,130,2012-08-13,19,11,"F",128,18.5,18,,"1",,"C","TOP COVER",485932,2012,8,13,"NO OTOLITHS"
"Seward",,130,2012-08-13,19,12,"F",103,11,10,,"2",,"C","TOP COVER",485932,2012,8,13,
"Seward",,130,2012-08-13,19,13,"F",112,,15,,"2",,"C","TOP COVER",485932,2012,8,13,
"Seward",,130,2012-08-13,19,14,"M",106,,23,,"1",,"C","TOP COVER",485932,2012,8,13,
"Seward",,130,2012-08-14,20,1,"F",112,,14,,"2",,"P","P2",485932,2012,8,14,
"Seward",,130,2012-08-14,20,2,"F",112,,13,,"2",,"P","P2",485932,2012,8,14,"ONE OTOLITH"
"Seward",,130,2012-08-14,20,3,"F",121,,17,,"2",,"P","P2",485932,2012,8,14,
"Seward",,130,2012-08-14,20,4,"F",125,,11,12,"2",,"P","P2",485932,2012,8,14,"NO OTOLITHS"
"Seward",,130,2012-08-14,20,5,"F",124,,19,,"2",,"P","P2",485932,2012,8,14,
"Seward",,130,2012-08-14,20,6,"F",99,,9,,"2",,"P","P2",485932,2012,8,14,
"Seward",,130,2012-08-14,20,7,"F",95,,9,,"1",,"P","P2",485932,2012,8,14,
"Seward",,130,2012-08-14,20,8,"F",92,,9,,"2",,"P","P2",485932,2012,8,14,
"Seward",,130,2012-08-14,20,9,"F",107,,8,8,"2",,"P","P2",485932,2012,8,14,
"Seward",,130,2012-08-14,20,10,"F",96,,10,,"2",,"P","P2",485932,2012,8,14,"ONE OTOLITH"
"Seward",,130,2012-08-14,20,11,"F",110,,12,,"2",,"P","P2",485932,2012,8,14,
"Seward",,130,2012-08-14,20,12,"M",94,,14,,"2",,"P","P2",485932,2012,8,14,
"Seward",,130,2012-08-14,20,13,"M",100,,18,,"2",,"P","P2",485932,2012,8,14,
"Seward",,130,2012-08-14,20,14,"M",97,,18,,"2",,"P","P2",485932,2012,8,14,
"Seward",,130,2012-08-14,20,15,"M",104,,20,21,"2",,"C","ROGUE",485932,2012,8,14,"NO OTOLITHS"
"Seward",,130,2012-08-14,20,16,"F",114,,16,,"2",,"C","ROGUE",485932,2012,8,14,"NO OTOLITHS"
"Seward",,130,2012-08-15,21,1,"M",109,,26,,"1",,"C","JEDI",485932,2012,8,15,"NO OTOLITHS"
"Seward",,130,2012-08-17,22,1,"F",106,,12,,"1",,"C","GENETIC RESPONSE",495939,2012,8,17,
"Seward",,130,2012-08-17,22,2,"M",112,,15,,"2",,"C","MISTRESS",485932,2012,8,17,"ONE OTOLITH"
"Seward",,130,2012-08-17,22,3,"F",105,,12,13,"2",,"C","LEGACY",485932,2012,8,17,"DEC SAMPLED, NO OTOS"
"Seward",,130,2012-08-17,22,4,"F",123,,15,,"2",,"C","LEGEND",475933,2012,8,17,"ONE OTOLITH"
"Seward",,130,2012-08-17,22,5,"F",129,,21,21,"1",,"C","LEGEND",475933,2012,8,17,
"Seward",,130,2012-08-17,22,6,"F",111,,23,22,"1",,"C","LEGEND",475933,2012,8,17,
"Seward",,130,2012-08-17,22,7,"M",98,,21,,"1",,"C","LEGEND",475933,2012,8,17,
"Seward",,130,2012-08-17,22,8,"M",108,,18,,"2",,"C","LEGEND",475933,2012,8,17,
"Seward",,130,2012-08-17,22,9,"",113,13,15,,"2",,"C","NAUTI GIRL",495932,2012,8,17,"GONADS FILLETED OFF"
"Seward",,130,2012-08-17,22,10,"F",93,7,7,7,"2",,"C","NAUTI GIRL",495932,2012,8,17,
"Seward",,130,2012-08-17,22,11,"F",114,11,13,,"2",,"C","NAUTI GIRL",495932,2012,8,17,"ONE OTOLITH"
"Seward",,130,2012-08-17,22,12,"F",116,15,13,,"2",,"C","NAUTI GIRL",495932,2012,8,17,
"Seward",,130,2012-08-17,22,13,"F",120,16.5,16,,"2",,"C","NAUTI GIRL",495932,2012,8,17,
"Seward",,130,2012-08-17,22,14,"M",101,11.5,19,19,"2",,"C","NAUTI GIRL",495932,2012,8,17,
"Seward",,130,2012-08-17,22,15,"F",99,9.5,13,13,"2",,"C","PURSUIT",475931,2012,8,17,"ONE OTOLITH"
"Seward",,130,2012-08-17,22,16,"F",111,12,13,,"2",,"C","PURSUIT",475931,2012,8,17,"NO OTOLITHS"
"Seward",,130,2012-08-17,22,17,"F",97,9,13,,"2",,"C","PURSUIT",475931,2012,8,17,"ONE OTOLITH"
"Seward",,130,2012-08-17,22,18,"F",112,12.5,15,16,"2",,"C","PURSUIT",475931,2012,8,17,"ONE OTOLITH"
"Seward",,130,2012-08-17,22,19,"F",110,12.5,12,,"2",,"C","PURSUIT",475931,2012,8,17,"NO OTOLITHS"
"Seward",,130,2012-08-17,22,20,"F",108,12.5,13,,"2",,"C","PURSUIT",475931,2012,8,17,
"Seward",,130,2012-08-17,22,21,"F",113,15,16,16,"2",,"C","PURSUIT",475931,2012,8,17,"NO OTOLITHS"
"Seward",,130,2012-08-17,22,22,"F",130,23,15,,"2",,"C","PURSUIT",475931,2012,8,17,
"Seward",,130,2012-08-17,22,23,"F",108,13.5,11,,"2",,"C","PURSUIT",475931,2012,8,17,
"Seward",,130,2012-08-17,22,24,"F",,15,15,,"2",,"C","PURSUIT",475931,2012,8,17,"NO LENGTH"
"Seward",,130,2012-08-17,22,25,"F",114,14,15,,"2",,"C","PURSUIT",475931,2012,8,17,"ONE OTO"
"Seward",,130,2012-08-18,23,1,"M",103,,20,20,"2",,"P","P8",495932,2012,8,18,"NO OTOLITHS"
"Seward",,130,2012-08-19,24,1,"F",119,,22,22,"1",,"C","HUNTRESS",485932,2012,8,19,
"Seward",,130,2012-08-19,24,2,"M",89,,14,,"2",,"C","JUST IN TIME",485935,2012,8,19,"ONE OTOLITH"
"Seward",,130,2012-08-19,24,3,"F",91,,13,,"2",,"C","SEA VENTURE",475932,2012,8,19,"NO OTOLITHS"
"Seward",,130,2012-08-19,24,4,"F",132,,23,,"2",,"C","SEA VENTURE",475932,2012,8,19,"NO OTOLITHS"
"Seward",,130,2012-08-19,24,5,"F",113,,14,,"1",,"C","SHADOW",495938,2012,8,19,"NO OTOLITHSONE OTO"
"Seward",,130,2012-08-20,25,1,"F",113,,15,,"2",,"C","ONE DAY",485932,2012,8,20,
"Seward",,130,2012-08-20,25,2,"F",92,,8,,"2",,"C","ONE DAY",485932,2012,8,20,
"Seward",,130,2012-08-20,25,3,"F",126,,,,"I",,"C","JUST IN TIME",485932,2012,8,20,
"Seward",,130,2012-08-20,25,4,"F",96,,15,,"2",,"C","JUST IN TIME",485932,2012,8,20,"ONE OTOLITH"
"Seward",,130,2012-08-20,25,5,"M",96,,18,,"1",,"C","HUNTRESS",485932,2012,8,20,
"Seward",,130,2012-08-20,25,6,"F",115,,15,,"2",,"C","NOBLE EAGLE",495935,2012,8,20,
"Seward",,130,2012-08-20,25,7,"F",104,,20,,"2",,"C","NOBLE EAGLE",495935,2012,8,20,
"Seward",,130,2012-08-20,25,8,"F",97,,9,,"2",,"C","NOBLE EAGLE",495935,2012,8,20,
"Seward",,130,2012-08-20,25,9,"M",96,,13,,"2",,"C","NOBLE EAGLE",495935,2012,8,20,"ONE OTOLITH"
"Seward",,130,2012-08-21,26,1,"F",106,,12,,"2",,"C","PERSEVERANCE",485935,2012,8,21,
"Seward",,130,2012-08-21,26,2,"M",104,,15,,"2",,"C","PERSEVERANCE",485935,2012,8,21,"ONE OTOLITH"
"Seward",,130,2012-08-21,26,3,"F",108,,17,,"2",,"C","MISTRESS",495932,2012,8,21,"NO OTOLITHS"
"Seward",,130,2012-08-22,27,1,"M",104,,22,,"1",,"P","P1",485933,2012,8,22,
"Seward",,130,2012-08-22,27,2,"M",96,,22,19,"1",,"P","P1",485933,2012,8,22,
"Seward",,130,2012-08-22,27,3,"M",97,,14,,"2",,"C","HUNTRESS",505901,2012,8,22,
"Seward",,130,2012-08-22,27,4,"F",115,,14,14,"2",,"C","HUNTRESS",505901,2012,8,22,"NO OTOLITHS"
"Seward",,130,2012-08-22,27,5,"F",123,,19,,"2",,"C","HUNTRESS",505901,2012,8,22,"NO OTOLITHS"
"Seward",,130,2012-08-22,27,6,"F",115,,13,,"2",,"C","HUNTRESS",505901,2012,8,22,"ONE OTOLITHS"
"Seward",,130,2012-08-22,27,7,"F",119,,16,,"2",,"C","HUNTRESS",505901,2012,8,22,
"Seward",,130,2012-08-22,27,8,"M",101,,15,,"2",,"C","HUNTRESS",505901,2012,8,22,
"Seward",,130,2012-08-22,27,9,"M",100,,16,,"2",,"C","HUNTRESS",505901,2012,8,22,
"Seward",,130,2012-08-22,27,10,"M",99,,,,"I",,"C","HUNTRESS",505901,2012,8,22,"NO OTOLITHS"
"Seward",,130,2012-08-22,27,11,"M",92,,14,14,"2",,"C","HUNTRESS",505901,2012,8,22,
"Seward",,130,2012-08-22,27,12,"F",91,,9,,"2",,"C","OVERTIME III",495939,2012,8,22,
"Seward",,130,2012-08-22,27,13,"M",92,,13,,"2",,"C","SHADOW",485935,2012,8,22,"NO OTOLITHS"
"Seward",,130,2012-08-22,27,14,"F",112,,14,,"2",,"C","JUST IN TIME",495939,2012,8,22,"ONE OTO"
"Seward",,130,2012-08-22,27,15,"M",96,,15,,"2",,"C","ROGUE",485932,2012,8,22,
"Seward",,130,2012-08-25,28,1,"",,,16,,"2",,"P","P8",475931,2012,8,25,"NO OTOLITHS, NO RECORDED LENGTH"
"Seward",,130,2012-08-25,28,2,"",111,,12,12,"2",,"P","P8",475931,2012,8,25,"GONADS FILLETED OFF"
"Seward",,130,2012-08-25,28,3,"F",122,,,,"I",,"P","P8",475931,2012,8,25,
"Seward",,130,2012-08-25,28,4,"F",103,,11,,"2",,"P","P8",475931,2012,8,25,"ONE OTOLITH"
"Seward",,130,2012-08-25,28,5,"F",104,,12,,"2",,"P","P8",475931,2012,8,25,"ONE OTOLITH"
"Seward",,130,2012-08-25,28,6,"F",111,,12,,"2",,"P","P8",475931,2012,8,25,"ONE OTOLITH"
"Seward",,130,2012-08-25,28,7,"M",100,,17,,"2",,"P","P8",475931,2012,8,25,"ONE OTOLITH"
"Seward",,130,2012-08-25,28,8,"M",98,,16,,"2",,"P","P8",475931,2012,8,25,
"Seward",,130,2012-08-26,29,1,"F",127,,19,,"2",,"P","P1",495932,2012,8,26,
"Seward",,130,2012-08-26,29,2,"F",123,,23,,"2",,"P","P2",495932,2012,8,26,
"Seward",,130,2012-08-26,29,3,"F",121,,24,,"2",,"P","P2",495932,2012,8,26,
"Seward",,130,2012-08-26,29,4,"M",102,,23,,"1",,"P","P2",495932,2012,8,26,
"Seward",,130,2012-08-26,29,5,"F",116,,15,,"2",,"P","P8",475931,2012,8,26,
"Seward",,130,2012-08-26,29,6,"F",94,,10,,"2",,"P","P8",475931,2012,8,26,"ONE OTOLITH"
"Seward",,130,2012-08-26,29,7,"M",102,,18,,"2",,"P","P8",475931,2012,8,26,
"Seward",,130,2012-08-26,29,8,"M",95,,17,,"2",,"P","P8",475931,2012,8,26,
"Seward",,130,2012-08-26,29,9,"F",90,,12,,"2",,"C","JEDI",475931,2012,8,26,"ONE BROKEN OTOLITH"
"Seward",,130,2012-08-26,29,10,"F",115,,14,,"2",,"C","JEDI",475931,2012,8,26,
"Seward",,130,2012-08-26,29,11,"F",108,,13,,"2",,"C","JEDI",475931,2012,8,26,"ONE OTOLITH"
"Seward",,130,2012-08-27,30,1,"F",111,12,15,,"2",,"C","INTERCEPTOR",475933,2012,8,27,"ONE OTOLITH"
"Seward",,130,2012-08-27,30,2,"F",111,13,23,,"1",,"C","INTERCEPTOR",475933,2012,8,27,"ONE OTOLITH"
"Seward",,130,2012-08-27,30,3,"F",114,13,14,,"1",,"C","INTERCEPTOR",475933,2012,8,27,
"Seward",,130,2012-08-27,30,4,"F",99,10.5,18,,"1",,"C","INTERCEPTOR",475933,2012,8,27,
"Seward",,130,2012-08-27,30,5,"M",96,10,15,16,"2",,"C","INTERCEPTOR",475933,2012,8,27,"ONE OTOLITH"
"Seward",,130,2012-08-27,30,6,"M",96,9.5,15,15,"2",,"C","INTERCEPTOR",475933,2012,8,27,"NO OTOLITHS"
"Seward",,130,2012-08-27,30,7,"F",117,15,15,,"2",,"C","ORION",485932,2012,8,27,
"Seward",,130,2012-08-27,30,8,"F",102,11,15,,"2",,"C","ORION",485932,2012,8,27,
"Seward",,130,2012-08-27,30,9,"F",102,10,12,,"2",,"C","ORION",485932,2012,8,27,
"Seward",,130,2012-08-27,30,10,"F",123,21.5,16,,"2",,"C","ORION",485932,2012,8,27,
"Seward",,130,2012-08-27,30,11,"M",96,9.5,13,,"2",,"C","ORION",485932,2012,8,27,"ONE OTOLITH"
"Seward",,130,2012-08-30,31,1,"M",98,,,,"I",,"C","INTERCEPTOR",485932,2012,8,30,
"Seward",,130,2012-08-30,31,2,"M",102,,22,,"1",,"C","INTERCEPTOR",485932,2012,8,30,"ONE OTO"
"Seward",,130,2012-08-30,31,3,"F",119,,21,,"2",,"C","INTERCEPTOR",485932,2012,8,30,"ONE OTOLITH, PARASITE MASS ON EXTERIOR OF STOMACH (NONE ON INSIDE OF STOMACH)"
"Seward",,130,2012-09-01,32,1,"F",124,18,18,18,"2",,"P","P7",495938,2012,9,1,
"Seward",,130,2012-09-01,32,2,"F",124,19,15,,"2",,"P","P7",495938,2012,9,1,"1 OTO"
"Seward",,130,2012-09-01,32,3,"F",116,8.5,15,,"2",,"P","P7",495938,2012,9,1,
"Seward",,130,2012-09-01,32,4,"M",95,,17,,"2",,"P","P7",495938,2012,9,1,
"Seward",,130,2012-09-01,32,5,"F",113,,16,,"2",,"C","CRACKERJACK",485932,2012,9,1,
"Seward",,130,2012-09-01,32,6,"F",108,,13,13,"2",,"C","CRACKERJACK",485932,2012,9,1,
"Seward",,130,2012-09-01,32,7,"F",116,,16,,"2",,"C","LEGACY",495939,2012,9,1,"1 OTO"
"Seward",,130,2012-09-01,32,8,"F",119,,17,,"2",,"C","INTERCEPTOR",485932,2012,9,1,
"Seward",,130,2012-09-02,33,1,"F",89,,8,8,"2",,"P","P3",495932,2012,9,2,"ONE OTOLITH"
"Seward",,130,2012-09-02,33,2,"F",90,,8,,"2",,"P","P3",495932,2012,9,2,
"Seward",,130,2012-09-02,33,3,"F",111,,15,,"2",,"P","P3",495932,2012,9,2,"ONE OTOLITH"
"Seward",,130,2012-09-02,33,4,"M",95,,16,14,"2",,"P","P3",495932,2012,9,2,"ONE OTOLITH"
"Seward",,130,2012-09-02,33,5,"F",108,,12,,"2",,"C","INTERCEPTOR",485932,2012,9,2,"NO OTOLITHS"
"Seward",,130,2012-09-02,33,6,"F",115,,13,13,"2",,"C","INTERCEPTOR",485932,2012,9,2,"ONE OTOLITH"
"Seward",,130,2012-09-02,33,7,"F",123,,14,14,"2",,"C","INTERCEPTOR",485932,2012,9,2,"ONE OTOLITH"
"Seward",,130,2012-09-02,33,8,"F",112,,18,18,"1",,"C","INTERCEPTOR",485932,2012,9,2,"ONE OTOLITH"
"Seward",,130,2012-09-02,33,9,"F",112,,12,,"2",,"C","INTERCEPTOR",485932,2012,9,2,
"Seward",,130,2012-09-02,33,10,"F",111,,15,,"2",,"C","INTERCEPTOR",485932,2012,9,2,"ONE BROKEN OTOLITH"
"Seward",,130,2012-09-02,33,11,"M",103,,21,,"2",,"C","INTERCEPTOR",485932,2012,9,2,"ONE OTOLITH"
"Seward",,130,2012-09-02,33,12,"M",96,,13,,"2",,"C","INTERCEPTOR",485932,2012,9,2,
"Seward",,130,2012-09-02,33,13,"M",92,,15,14,"2",,"C","PURSUIT",475933,2012,9,2,"NO OTOLITHS"
"Seward",,130,2012-09-02,33,14,"M",101,,23,,"1",,"C","PURSUIT",475933,2012,9,2,
"Seward",,130,2012-09-02,33,15,"M",98,,19,,"1",,"C","PURSUIT",475933,2012,9,2,"ONE OTOLITH"
"Seward",,130,2012-09-02,33,16,"M",96,,16,,"2",,"C","PURSUIT",475933,2012,9,2,"ONE BROKEN OTOLITH"
"Seward",,130,2012-09-02,33,17,"M",98,,16,,"2",,"C","PURSUIT",475933,2012,9,2,"ONE OTOLITH"
"Valdez",,130,2012-07-01,1,1,"",120,,13,,"2",,"P","P2",466002,2012,7,1,
"Valdez",,130,2012-07-01,1,2,"M",97,,14,,"2",,"P","P2",466002,2012,7,1,"NO OTOLITHS"
"Valdez",,130,2012-07-01,1,3,"M",90,,15,,"2",,"P","P2",466002,2012,7,1,
"Valdez",,130,2012-07-01,1,4,"M",98,,16,16,"2",,"P","P2",466002,2012,7,1,
"Valdez",,130,2012-07-01,1,5,"M",95,9.5,16,,"2",,"P","P5",466002,2012,7,1,
"Valdez",,130,2012-07-01,1,6,"M",97,10.5,17,,"2",,"P","P5",466002,2012,7,1,
"Valdez",,130,2012-07-01,1,7,"M",94,10.5,16,,"2",,"P","P5",466002,2012,7,1,
"Valdez",,130,2012-07-01,1,8,"M",95,11,17,16,"2",,"P","P5",466002,2012,7,1,
"Valdez",,130,2012-07-02,2,1,"F",111,15.5,15,15,"2",,"P","P2",466002,2012,7,2,"1 BROKEN OTOLITH"
"Valdez",,130,2012-07-02,2,2,"M",103,,19,,"1",,"C","HALIBUT GROVE",466004,2012,7,2,"NO OTOLITHS"
"Valdez",,130,2012-07-02,2,3,"F",114,11,12,,"2",,"C","HALIBUT GROVE",466004,2012,7,2,"BROKEN OTOLITHS"
"Valdez",,130,2012-07-02,2,4,"F",110,13,14,,"2",,"C","HALIBUT GROVE",466004,2012,7,2,"BROKEN OTOLITHS"
"Valdez",,130,2012-07-02,2,5,"M",99,11,17,,"2",,"C","HALIBUT GROVE",466004,2012,7,2,
"Valdez",,130,2012-07-02,2,6,"F",110,13,14,,"2",,"C","HALIBUT GROVE",466004,2012,7,2,
"Valdez",,130,2012-07-02,2,7,"F",112,15.5,14,,"2",,"C","HALIBUT GROVE",466004,2012,7,2,
"Valdez",,130,2012-07-02,2,8,"M",92,9,13,,"2",,"C","HALIBUT GROVE",466004,2012,7,2,
"Valdez",,130,2012-07-02,2,9,"F",108,,11,,"2",,"C","HALIBUT GROVE",466004,2012,7,2,"BROKEN OTOLITHS"
"Valdez",,130,2012-07-02,2,10,"F",100,9.5,10,,"2",,"C","HALIBUT GROVE",466004,2012,7,2,
"Valdez",,130,2012-07-03,3,1,"F",104,10.5,16,17,"2",,"P","P9",466002,2012,7,3,
"Valdez",,130,2012-07-03,3,2,"F",116,16,16,,"2",,"P","P9",466002,2012,7,3,
"Valdez",,130,2012-07-03,3,3,"F",120,19,20,,"2",,"P","P9",466002,2012,7,3,
"Valdez",,130,2012-07-03,3,4,"M",105,10,19,20,"1",,"C","CHINOOK",466003,2012,7,3,"NO OTOLITHS"
"Valdez",,130,2012-07-03,3,5,"M",97,10.5,14,,"2",,"C","JAIME LYNN",475932,2012,7,3,"NO OTOLITHS"
"Valdez",,130,2012-07-03,3,6,"M",90,7.5,13,,"2",,"C","JAIME LYNN",475932,2012,7,3,"NO OTOLITHS"
"Valdez",,130,2012-07-03,3,7,"M",95,9,17,18,"2",,"C","JAIME LYNN",475932,2012,7,3,"NO OTOLITHS"
"Valdez",,130,2012-07-03,3,8,"F",122,21,20,,"1",,"C","DAN ORION",475932,2012,7,3,
"Valdez",,130,2012-07-03,3,9,"M",98,10,13,,"1",,"C","DAN ORION",475932,2012,7,3,"1 BROKEN OTOLITH"
"Valdez",,130,2012-07-03,3,10,"F",102,12.5,13,,"2",,"C","DAN ORION",475932,2012,7,3,
"Valdez",,130,2012-07-03,3,11,"F",123,21,22,,"2",,"C","DAN ORION",475932,2012,7,3,
"Valdez",,130,2012-07-03,3,12,"F",118,19,16,,"1",,"C","DAN ORION",475932,2012,7,3,"1 OTOLITH"
"Valdez",,130,2012-07-06,4,1,"M",106,11.5,17,,"1",,"C","JAIME LYNN",466003,2012,7,6,
"Valdez",,130,2012-07-07,5,1,"F",112,17,19,,"1",,"P","P12",466032,2012,7,7,"1 OTOLITH"
"Valdez",,130,2012-07-08,6,1,"F",89,,8,,"2",,"C","SEAQUESTER",476002,2012,7,8,
"Valdez",,130,2012-07-08,6,2,"M",89,,9,,"2",,"P","P2",466032,2012,7,8,
"Valdez",,130,2012-07-09,7,1,"M",89,7,9,,"2",,"C","DAWN TREADER",466004,2012,7,9,
"Valdez",,130,2012-07-09,7,2,"M",90,7,14,,"2",,"C","DAWN TREADER",466004,2012,7,9,
"Valdez",,130,2012-07-09,7,3,"F",110,14,16,,"2",,"C","HALIBUT GROVE",476002,2012,7,9,
"Valdez",,130,2012-07-09,7,4,"F",112,16,12,,"2",,"C","HALIBUT GROVE",476002,2012,7,9,"NO OTOLITHS"
"Valdez",,130,2012-07-09,7,5,"M",90,,11,,"2",,"C","HALIBUT GROVE",476002,2012,7,9,
"Valdez",,130,2012-07-09,7,6,"F",110,,13,,"2",,"C","HALIBUT GROVE",476002,2012,7,9,
"Valdez",,130,2012-07-09,7,7,"M",101,11.5,18,,"2",,"C","HALIBUT GROVE",476002,2012,7,9,
"Valdez",,130,2012-07-09,7,8,"F",108,14.5,13,,"2",,"C","HALIBUT GROVE",476002,2012,7,9,
"Valdez",,130,2012-07-09,7,9,"F",115,16,14,,"2",,"C","HALIBUT GROVE",476002,2012,7,9,
"Valdez",,130,2012-07-09,7,10,"F",115,14.5,14,,"2",,"C","HALIBUT GROVE",476002,2012,7,9,
"Valdez",,130,2012-07-09,7,11,"F",97,10,9,9,"2",,"C","HALIBUT GROVE",476002,2012,7,9,
"Valdez",,130,2012-07-09,7,12,"F",100,9.5,11,,"2",,"C","HALIBUT GROVE",476002,2012,7,9,
"Valdez",,130,2012-07-09,7,13,"M",92,,12,,"2",,"C","HALIBUT GROVE",476002,2012,7,9,
"Valdez",,130,2012-07-09,7,14,"F",118,14.5,14,,"2",,"C","HALIBUT GROVE",476002,2012,7,9,
"Valdez",,130,2012-07-10,8,1,"F",116,,20,,"2",,"C","DAN ORION",466003,2012,7,10,
"Valdez",,130,2012-07-10,8,2,"F",103,,16,,"2",,"C","OTTER DODGER",476002,2012,7,10,
"Valdez",,130,2012-07-10,8,3,"M",93,9,12,13,"1",,"C","HALIBUT GROVE",475932,2012,7,10,"1 OTOLITH"
"Valdez",,130,2012-07-10,8,4,"M",91,7,13,13,"2",,"C","HALIBUT GROVE",475932,2012,7,10,"NO OTOLITHS"
"Valdez",,130,2012-07-10,8,5,"F",94,7,10,,"2",,"C","HALIBUT GROVE",475932,2012,7,10,"NO OTOLITHS"
"Valdez",,130,2012-07-10,8,6,"F",115,17,16,,"2",,"C","HALIBUT GROVE",475932,2012,7,10,"NO OTOLITHS"
"Valdez",,130,2012-07-10,8,7,"M",95,,13,,"2",,"C","HALIBUT GROVE",475932,2012,7,10,"NO OTOLITHS"
"Valdez",,130,2012-07-10,8,8,"M",91,8.5,15,,"2",,"C","HALIBUT GROVE",475932,2012,7,10,
"Valdez",,130,2012-07-10,8,9,"F",130,21.5,17,,"2",,"C","HALIBUT GROVE",475932,2012,7,10,
"Valdez",,130,2012-07-10,8,10,"M",93,7.5,13,,"2",,"C","HALIBUT GROVE",475932,2012,7,10,
"Valdez",,130,2012-07-10,8,11,"M",98,11,15,,"2",,"C","HALIBUT GROVE",475932,2012,7,10,
"Valdez",,130,2012-07-10,8,12,"F",124,,14,,"2",,"C","HALIBUT GROVE",475932,2012,7,10,
"Valdez",,130,2012-07-10,8,13,"F",105,11.5,10,,"2",,"C","HALIBUT GROVE",475932,2012,7,10,
"Valdez",,130,2012-07-10,8,14,"M",92,8.5,14,,"2",,"C","HALIBUT GROVE",475932,2012,7,10,
"Valdez",,130,2012-07-10,8,15,"M",98,,14,,"2",,"C","HALIBUT GROVE",475932,2012,7,10,
"Valdez",,130,2012-07-16,9,1,"F",93,7.5,9,9,"2",,"P","P3",466004,2012,7,16,
"Valdez",,130,2012-07-16,9,2,"M",94,8,,,"I",,"C","DAWN TREADER",466005,2012,7,16,"FIN DAMAGED"
"Valdez",,130,2012-07-16,9,3,"M",98,9.5,19,,"2",,"C","DAWN TREADER",466005,2012,7,16,
"Valdez",,130,2012-07-16,9,4,"M",92,9,17,17,"2",,"C","DAWN TREADER",466005,2012,7,16,"1 OTOLITH"
"Valdez",,130,2012-07-16,9,5,"F",93,7.5,9,,"2",,"C","DAWN TREADER",466005,2012,7,16,"1 OTOLITH"
"Valdez",,130,2012-07-16,9,6,"M",91,7.5,13,,"2",,"C","DAWN TREADER",466005,2012,7,16,
"Valdez",,130,2012-07-16,9,7,"M",92,7.5,15,14,"2",,"C","DAWN TREADER",466005,2012,7,16,"FIN DAMAGED"
"Valdez",,130,2012-07-16,9,8,"M",89,7.5,17,22,"1",,"C","DAWN TREADER",466005,2012,7,16,
"Valdez",,130,2012-07-17,10,1,"F",108,11,12,,"2",,"C","SEAQUESTER",475932,2012,7,17,
"Valdez",,130,2012-07-17,10,2,"F",104,12,13,,"2",,"C","SEAQUESTER",475932,2012,7,17,"1 BROKEN OTOLITH"
"Valdez",,130,2012-07-17,10,3,"F",114,12.5,18,18,"2",,"C","SEAQUESTER",475932,2012,7,17,"NO OTOLITHS"
"Valdez",,130,2012-07-17,10,4,"F",107,14.5,11,,"2",,"C","JAIME LYNN",465932,2012,7,17,"1 OTOLITH, FIN DAMAGED"
"Valdez",,130,2012-07-17,10,5,"F",120,17,14,14,"2",,"C","JAIME LYNN",465932,2012,7,17,"NO OTOLITHS"
"Valdez",,130,2012-07-17,10,6,"F",120,19,15,,"2",,"C","JAIME LYNN",465932,2012,7,17,"NO OTOLITHS"
"Valdez",,130,2012-07-17,10,7,"M",100,10.5,14,,"2",,"C","JAIME LYNN",465932,2012,7,17,"NO OTOLITHS"
"Valdez",,130,2012-07-17,10,8,"F",123,21,19,,"1",,"C","JAIME LYNN",465932,2012,7,17,"NO OTOLITHS"
"Valdez",,130,2012-07-17,10,9,"M",91,,16,,"2",,"C","JAIME LYNN",465932,2012,7,17,
"Valdez",,130,2012-07-17,10,10,"F",96,,11,,"2",,"C","JAIME LYNN",465932,2012,7,17,"NO OTOLITHS"
"Valdez",,130,2012-07-17,10,11,"F",112,15,14,,"2",,"C","JAIME LYNN",465932,2012,7,17,"NO OTOLITHS"
"Valdez",,130,2012-07-17,10,12,"F",120,18.5,,,"I",,"C","JAIME LYNN",465932,2012,7,17,"NO OTOLITHS, FIN DAMAGED"
"Valdez",,130,2012-07-17,10,13,"M",96,,13,,"2",,"C","JAIME LYNN",465932,2012,7,17,
"Valdez",,130,2012-07-20,11,1,"M",108,15.5,,,"I",,"C","WILD IRIS",466003,2012,7,20,
"Valdez",,130,2012-07-20,11,2,"M",91,7.5,15,15,"2",,"C","WILD IRIS",466003,2012,7,20,"NO OTOLITHS"
"Valdez",,130,2012-07-20,11,3,"F",129,,19,,"2",,"C","JAIME LYNN",466004,2012,7,20,"1 OTOLITH"
"Valdez",,130,2012-07-20,11,4,"F",126,,17,,"2",,"C","JAIME LYNN",466004,2012,7,20,"1 OTOLITH"
"Valdez",,130,2012-07-20,11,5,"F",130,,19,,"2",,"C","JAIME LYNN",466004,2012,7,20,"NO OTOLITHS"
"Valdez",,130,2012-07-20,11,6,"M",101,,17,,"2",,"P","P10",466002,2012,7,20,
"Valdez",,130,2012-07-20,11,7,"M",96,,17,,"2",,"P","P10",466002,2012,7,20,
"Valdez",,130,2012-07-20,11,8,"F",118,,17,,"2",,"P","P10",466002,2012,7,20,
"Valdez",,130,2012-07-20,11,9,"M",98,,13,,"2",,"P","P10",466002,2012,7,20,
"Valdez",,130,2012-07-20,11,10,"M",97,,16,,"2",,"P","P10",466002,2012,7,20,
"Valdez",,130,2012-07-20,11,11,"M",95,,14,,"2",,"P","P10",466002,2012,7,20,
"Valdez",,130,2012-07-20,11,12,"M",91,,12,,"2",,"P","P10",466002,2012,7,20,
"Valdez",,130,2012-07-20,11,13,"M",93,,16,,"2",,"P","P10",466002,2012,7,20,"1 OTOLITH"
"Valdez",,130,2012-07-20,11,14,"F",104,12.5,12,13,"2",,"P","P12",466002,2012,7,20,
"Valdez",,130,2012-07-20,11,15,"F",105,12.5,13,,"2",,"P","P12",466002,2012,7,20,
"Valdez",,130,2012-07-20,11,16,"F",128,22,19,18,"1",,"P","P12",466002,2012,7,20,
"Valdez",,130,2012-07-20,11,17,"M",103,11,17,,"2",,"P","P12",466002,2012,7,20,
"Valdez",,130,2012-07-20,11,18,"M",91,8.5,14,,"2",,"P","P12",466002,2012,7,20,
"Valdez",,130,2012-07-20,11,19,"F",103,12,12,13,"2",,"P","P12",466002,2012,7,20,
"Valdez",,130,2012-07-20,11,20,"M",90,7.5,12,,"1",,"P","P12",466002,2012,7,20,"FIN DAMAGED"
"Valdez",,130,2012-07-20,11,21,"M",98,11.5,16,,"2",,"P","P12",466002,2012,7,20,
"Valdez",,130,2012-07-21,12,1,"M",95,9,14,13,"2",,"P","P19",466002,2012,7,21,
"Valdez",,130,2012-07-21,12,2,"F",122,18,20,,"2",,"P","P19",466002,2012,7,21,"1 OTOLITH"
"Valdez",,130,2012-07-21,12,3,"F",123,15,17,,"2",,"P","P19",466002,2012,7,21,"NO OTOLITHS"
"Valdez",,130,2012-07-21,12,4,"F",106,14.5,11,,"2",,"C","JAIME LYNN",465932,2012,7,21,
"Valdez",,130,2012-07-21,12,5,"M",98,,15,14,"2",,"C","JAIME LYNN",465932,2012,7,21,"1 OTOLITH"
"Valdez",,130,2012-07-21,12,6,"F",101,,12,,"2",,"C","JAIME LYNN",466004,2012,7,21,"1 OTOLITH"
"Valdez",,130,2012-07-21,12,7,"M",95,9,13,,"2",,"C","JAIME LYNN",465932,2012,7,21,
"Valdez",,130,2012-07-21,12,8,"M",94,,14,,"2",,"C","JAIME LYNN",466004,2012,7,21,"1 OTOLITH"
"Valdez",,130,2012-07-21,12,9,"F",124,,18,19,"2",,"C","JAIME LYNN",466004,2012,7,21,
"Valdez",,130,2012-07-21,12,10,"F",130,,,,"I",,"C","JAIME LYNN",466004,2012,7,21,"1 OTOLITH"
"Valdez",,130,2012-07-21,12,11,"M",93,9.5,15,,"2",,"C","JAIME LYNN",465932,2012,7,21,"NO OTOLITHS"
"Valdez",,130,2012-07-21,12,12,"",93,,13,13,"2",,"C","JAIME LYNN",465932,2012,7,21,
"Valdez",,130,2012-07-21,12,13,"F",107,,13,,"2",,"C","JAIME LYNN",465932,2012,7,21,"1 OTOLITH"
"Valdez",,130,2012-07-21,12,14,"F",98,11,12,,"2",,"C","JAIME LYNN",466004,2012,7,21,"NO OTOLITHS"
"Valdez",,130,2012-07-21,12,15,"F",98,,10,,"2",,"C","JAIME LYNN",466004,2012,7,21,
"Valdez",,130,2012-07-21,12,16,"F",100,10.5,9,,"2",,"C","JAIME LYNN",465932,2012,7,21,"NO OTOLITHS"
"Valdez",,130,2012-07-21,12,17,"F",101,,13,,"2",,"C","JAIME LYNN",466004,2012,7,21,"NO OTOLITHS"
"Valdez",,130,2012-07-23,13,1,"M",93,8,14,14,"1",,"C","DAWN TREADER",466004,2012,7,23,"1 OTOLITH"
"Valdez",,130,2012-07-23,13,2,"M",97,8.5,16,,"1",,"C","DAWN TREADER",466004,2012,7,23,"1 OTOLITH"
"Valdez",,130,2012-07-23,13,3,"F",108,11.5,11,,"2",,"P","P1",466033,2012,7,23,
"Valdez",,130,2012-07-23,13,4,"F",115,16,15,,"2",,"P","P2",466002,2012,7,23,"NO OTOLITHS"
"Valdez",,130,2012-07-23,13,5,"M",92,,14,,"2",,"P","P2",466002,2012,7,23,
"Valdez",,130,2012-07-23,13,6,"M",102,,,,"I",,"P","P2",466002,2012,7,23,
"Valdez",,130,2012-07-23,13,7,"F",122,19.5,22,,"1",,"P","P2",466002,2012,7,23,"1 OTOLITH"
"Valdez",,130,2012-07-23,13,8,"M",89,8,12,,"2",,"P","P2",466002,2012,7,23,
"Valdez",,130,2012-07-23,13,9,"M",94,8.5,15,13,"1",,"P","P2",466002,2012,7,23,
"Valdez",,130,2012-07-23,13,10,"M",99,,17,,"2",,"P","P2",466002,2012,7,23,
"Valdez",,130,2012-07-23,13,11,"M",98,11.5,18,,"2",,"P","P2",466002,2012,7,23,
"Valdez",,130,2012-07-23,13,12,"M",90,,12,,"2",,"P","P2",466002,2012,7,23,
"Valdez",,130,2012-07-26,14,1,"F",112,,14,,"1",,"C","DAN ORION",465932,2012,7,26,
"Valdez",,130,2012-07-26,14,2,"F",117,18.5,16,,"2",,"C","DAN ORION",465932,2012,7,26,
"Valdez",,130,2012-07-26,14,3,"F",119,,15,,"1",,"C","DAN ORION",465932,2012,7,26,
"Valdez",,130,2012-07-26,14,4,"F",119,16.5,13,,"2",,"P","P4",466002,2012,7,26,
"Valdez",,130,2012-07-26,14,5,"F",108,13,13,,"2",,"P","P4",466002,2012,7,26,"NO OTOLITHS"
"Valdez",,130,2012-07-26,14,6,"M",91,,17,,"2",,"P","P4",466002,2012,7,26,"NO OTOLITHS"
"Valdez",,130,2012-07-26,14,7,"M",94,8.5,13,,"2",,"P","P4",466002,2012,7,26,"NO OTOLITHS"
"Valdez",,130,2012-07-26,14,8,"M",99,13.5,,,"I",,"P","P5",466032,2012,7,26,
"Valdez",,130,2012-07-26,14,9,"",89,7,10,10,"2",,"P","P5",466032,2012,7,26,"FIN DAMAGED"
"Valdez",,130,2012-07-26,14,10,"M",99,9.5,17,,"1",,"P","P5",466032,2012,7,26,"1 OTOLITH"
"Valdez",,130,2012-07-27,15,1,"F",112,,13,,"2",,"C","TANGO",466002,2012,7,27,"1 OTOLITH"
"Valdez",,130,2012-07-27,15,2,"F",111,,13,,"2",,"C","TANGO",466002,2012,7,27,
"Valdez",,130,2012-07-27,15,3,"F",125,17.5,19,18,"2",,"C","DAWN TREADER",465932,2012,7,27,
"Valdez",,130,2012-07-27,15,4,"F",112,,16,,"2",,"C","DAWN TREADER",465932,2012,7,27,
"Valdez",,130,2012-07-27,15,5,"F",122,17.5,,,"I",,"C","DAWN TREADER",465932,2012,7,27,"1 OTOLITH"
"Valdez",,130,2012-07-27,15,6,"F",127,21.5,,,"I",,"C","HALIBUT GROVE",465932,2012,7,27,
"Valdez",,130,2012-07-27,15,7,"F",116,,18,,"2",,"C","HALIBUT GROVE",465932,2012,7,27,"NO OTOLITHS"
"Valdez",,130,2012-07-27,15,8,"F",114,16,16,,"2",,"C","HALIBUT GROVE",465932,2012,7,27,
"Valdez",,130,2012-07-27,15,9,"M",91,10,13,,"2",,"C","HALIBUT GROVE",465932,2012,7,27,
"Valdez",,130,2012-07-27,15,10,"F",109,14,14,,"2",,"C","HALIBUT GROVE",465932,2012,7,27,"2 BROKEN OTOLITS"
"Valdez",,130,2012-07-27,15,11,"F",104,11.5,14,13,"2",,"C","HALIBUT GROVE",465932,2012,7,27,
"Valdez",,130,2012-07-27,15,12,"F",112,16.5,16,,"2",,"C","HALIBUT GROVE",465932,2012,7,27,
"Valdez",,130,2012-07-27,15,13,"F",100,11,14,,"2",,"C","HALIBUT GROVE",465932,2012,7,27,
"Valdez",,130,2012-07-27,15,14,"F",111,12,16,15,"2",,"C","HALIBUT GROVE",465932,2012,7,27,"1 BROKEN OTOLITH"
"Valdez",,130,2012-07-27,15,15,"F",102,,17,,"2",,"C","HALIBUT GROVE",465932,2012,7,27,
"Valdez",,130,2012-07-27,15,16,"F",110,,15,,"2",,"C","HALIBUT GROVE",465932,2012,7,27,"1 WHOLE 1 BROKEN OTOLITH ""FIN DAMAGED"""
"Valdez",,130,2012-07-27,15,17,"F",128,24,26,23,"1",,"C","HALIBUT GROVE",465932,2012,7,27,"1 1/2 OTOLITHS"
"Valdez",,130,2012-07-28,16,1,"F",102,11,12,,"2",,"P","P18",466033,2012,7,28,
"Valdez",,130,2012-07-28,16,2,"F",126,22,,,"I",,"C","HALIBUT GROVE",466002,2012,7,28,"1 OTOLITH"
"Valdez",,130,2012-07-28,16,3,"F",116,11,18,,"2",,"C","HALIBUT GROVE",466002,2012,7,28,"1 OTOLITH"
"Valdez",,130,2012-07-28,16,4,"F",116,,14,16,"2",,"C","HALIBUT GROVE",466002,2012,7,28,
"Valdez",,130,2012-07-28,16,5,"M",92,10,15,,"2",,"C","HALIBUT GROVE",466002,2012,7,28,
"Valdez",,130,2012-07-28,16,6,"F",127,19,20,,"1",,"C","HALIBUT GROVE",466002,2012,7,28,
"Valdez",,130,2012-07-28,16,7,"M",98,10.5,16,15,"2",,"C","HALIBUT GROVE",466002,2012,7,28,"NO OTOLITHS"
"Valdez",,130,2012-07-28,16,8,"M",91,9,14,,"1",,"C","HALIBUT GROVE",466002,2012,7,28,"1 OTOLITH, FIN DAMAGED"
"Valdez",,130,2012-07-28,16,9,"M",94,10.5,15,,"1",,"C","HALIBUT GROVE",466002,2012,7,28,"NO OTOLITHS"
"Valdez",,130,2012-07-28,16,10,"F",124,,18,,"2",,"C","DAWN TREADER",466002,2012,7,28,
"Valdez",,130,2012-07-28,16,11,"M",95,,15,,"2",,"C","DAWN TREADER",466002,2012,7,28,
"Valdez",,130,2012-07-28,16,12,"F",122,,16,,"2",,"C","DAWN TREADER",466002,2012,7,28,"1 OTOLITH"
"Valdez",,130,2012-07-28,16,13,"F",121,,,,"I",,"C","DAWN TREADER",466002,2012,7,28,
"Valdez",,130,2012-07-28,16,14,"F",118,,24,,"1",,"C","DAWN TREADER",466002,2012,7,28,
"Valdez",,130,2012-07-28,16,15,"M",93,,,,"I",,"C","DAWN TREADER",466002,2012,7,28,
"Valdez",,130,2012-07-29,17,1,"M",99,9,20,,"1",,"P","P1",466004,2012,7,29,
"Valdez",,130,2012-07-29,17,2,"M",89,,15,,"2",,"C","ALEASHIA",466004,2012,7,29,"1 OTOLITH"
"Valdez",,130,2012-07-29,17,3,"M",97,,15,,"2",,"C","ALEASHIA",466004,2012,7,29,
"Valdez",,130,2012-07-29,17,4,"F",107,,12,,"2",,"C","ALEASHIA",466004,2012,7,29,"NO OTOLITHS"
"Valdez",,130,2012-07-30,18,1,"M",97,9.5,17,,"2",,"P","P4",466004,2012,7,30,
"Valdez",,130,2012-07-30,18,2,"M",103,12.5,,,"I",,"C","DAWN TREADER",466003,2012,7,30,"NO OTOLITHS, FIN DAMAGED"
"Valdez",,130,2012-07-30,18,3,"F",100,8,15,,"1",,"C","DAWN TREADER",466003,2012,7,30,"NO OTOLITHS"
"Valdez",,130,2012-07-30,18,4,"F",118,16,20,,"1",,"C","DAWN TREADER",466003,2012,7,30,
"Valdez",,130,2012-07-30,18,5,"M",92,7.5,16,,"1",,"C","DAWN TREADER",466003,2012,7,30,"1 OTOLITH"
"Valdez",,130,2012-08-02,19,1,"F",103,12,15,,"2",,"P","P2",466033,2012,8,2,"NO OTOLITHS"
"Valdez",,130,2012-08-03,20,1,"F",109,17,16,16,"2",,"C","JAIME LYNN",465932,2012,8,3,"1 OTOLITH"
"Valdez",,130,2012-08-03,20,2,"F",114,16.5,15,15,"2",,"C","JAIME LYNN",465932,2012,8,3,"1 OTOLITH"
"Valdez",,130,2012-08-03,20,3,"F",118,21,15,,"2",,"C","JAIME LYNN",465932,2012,8,3,"FIN DAMAGED"
"Valdez",,130,2012-08-03,20,4,"F",94,9,12,,"2",,"C","JAIME LYNN",465932,2012,8,3,
"Valdez",,130,2012-08-03,20,5,"F",109,15.5,13,,"2",,"C","DAN ORION",465932,2012,8,3,
"Valdez",,130,2012-08-03,20,6,"M",97,10.5,15,,"1",,"C","DAN ORION",465932,2012,8,3,
"Valdez",,130,2012-08-03,20,7,"F",125,22,18,,"2",,"C","SEAQUESTER",475932,2012,8,3,
"Valdez",,130,2012-08-03,20,8,"F",93,9,9,,"2",,"C","SEAQUESTER",475932,2012,8,3,
"Valdez",,130,2012-08-03,20,9,"M",89,8,12,,"2",,"C","EL GATO",466004,2012,8,3,"NO OTOLITHS"
"Valdez",,130,2012-08-07,21,1,"M",89,6.5,14,,"2",,"C","JAIME LYNN",476002,2012,8,7,"NO OTOLITHS"
"Valdez",,130,2012-08-07,21,2,"F",99,8.5,12,,"2",,"C","HALIBUT GROVE",466004,2012,8,7,"NO OTOLITHS"
"Valdez",,130,2012-08-07,21,3,"",95,11.5,,,,,"C","HALIBUT GROVE",466004,2012,8,7,"NO OTOLITHS, NO FIN RAYS.  FISH TAKEN WHOLE"
"Valdez",,130,2012-08-08,22,1,"F",103,11,11,,"2",,"C","SEAQUESTER",475932,2012,8,8,"1 OTOLITH"
"Valdez",,130,2012-08-08,22,2,"M",92,,12,12,"2",,"C","SEAQUESTER",475932,2012,8,8,
"Valdez",,130,2012-08-08,22,3,"F",115,14.5,14,,"2",,"C","SEAQUESTER",475932,2012,8,8,
"Valdez",,130,2012-08-08,22,4,"F",108,14,15,,"2",,"C","SEAQUESTER",475932,2012,8,8,
"Valdez",,130,2012-08-08,22,5,"F",118,,19,,"2",,"C","SEAQUESTER",475932,2012,8,8,
"Valdez",,130,2012-08-08,22,6,"F",115,18,16,16,"2",,"C","SEAQUESTER",475932,2012,8,8,
"Valdez",,130,2012-08-11,23,1,"F",109,,13,,"2",,"C","HALIBUT GROVE",466003,2012,8,11,
"Valdez",,130,2012-08-11,23,2,"M",92,,12,,"2",,"C","HALIBUT GROVE",466003,2012,8,11,
"Valdez",,130,2012-08-11,23,3,"F",109,,12,,"2",,"C","HALIBUT GROVE",466003,2012,8,11,
"Valdez",,130,2012-08-11,23,4,"F",108,,11,,"2",,"C","HALIBUT GROVE",466003,2012,8,11,"NO OTOLITHS"
"Valdez",,130,2012-08-11,23,5,"M",93,,14,,"2",,"C","HALIBUT GROVE",466003,2012,8,11,"FIN DAMAGED"
"Valdez",,130,2012-08-11,23,6,"F",108,,16,,"2",,"C","HALIBUT GROVE",466003,2012,8,11,
"Valdez",,130,2012-08-11,23,7,"M",92,,15,,"2",,"C","HALIBUT GROVE",466003,2012,8,11,"""FIN DAMAGED"""
"Valdez",,130,2012-08-11,23,8,"M",101,,,,"I",,"C","HALIBUT GROVE",466003,2012,8,11,"FIN DAMAGED"
"Valdez",,130,2012-08-11,23,9,"F",120,,15,15,"2",,"C","HALIBUT GROVE",466003,2012,8,11,
"Valdez",,130,2012-08-11,23,10,"M",93,,16,15,"2",,"C","HALIBUT GROVE",466003,2012,8,11,"FIN DAMAGED"
"Valdez",,130,2012-08-11,23,11,"M",92,,16,,"2",,"C","HALIBUT GROVE",466003,2012,8,11,"FIN DAMAGED"
"Valdez",,130,2012-08-11,23,12,"M",89,,12,11,"2",,"C","HALIBUT GROVE",466003,2012,8,11,"""NO OTOLITHS"""
"Valdez",,130,2012-08-11,23,13,"F",89,,11,,"1",,"C","DAN ORION",475932,2012,8,11,
"Valdez",,130,2012-08-11,23,14,"F",109,,14,14,"2",,"C","DAN ORION",475932,2012,8,11,
"Valdez",,130,2012-08-11,23,15,"F",105,,13,,"2",,"C","DAN ORION",475932,2012,8,11,"1 OTOLITH"
"Valdez",,130,2012-08-11,23,16,"F",114,,15,,"2",,"C","DAN ORION",475932,2012,8,11,"1 OTOLITH"
"Valdez",,130,2012-08-11,23,17,"F",117,,17,,"2",,"C","DAN ORION",475932,2012,8,11,
"Valdez",,130,2012-08-11,23,18,"F",92,,10,10,"2",,"C","DAN ORION",475932,2012,8,11,
"Valdez",,130,2012-08-11,23,19,"F",113,,17,,"2",,"C","DAN ORION",475932,2012,8,11,
"Valdez",,130,2012-08-11,23,20,"F",102,,12,,"2",,"C","DAN ORION",475932,2012,8,11,"FIN DAMAGED, 1 OTOLITH"
"Valdez",,130,2012-08-11,23,21,"F",119,,16,17,"1",,"C","DAN ORION",475932,2012,8,11,
"Valdez",,130,2012-08-11,23,22,"F",106,,13,,"2",,"C","ALEASHIA",466002,2012,8,11,"NO OTOLITHS"
"Valdez",,130,2012-08-11,23,23,"F",120,,18,,"2",,"C","ALEASHIA",466002,2012,8,11,
"Valdez",,130,2012-08-11,23,24,"F",98,10.5,10,,"2",,"C","ALEASHIA",466002,2012,8,11,
"Valdez",,130,2012-08-11,23,25,"M",101,,15,,"1",,"C","ALEASHIA",466002,2012,8,11,
"Valdez",,130,2012-08-11,23,26,"F",118,,17,,"2",,"C","ALEASHIA",466002,2012,8,11,"1 OTOLITH"
"Valdez",,130,2012-08-12,24,1,"F",101,14,14,,"2",,"C","HALIBUT GROVE",466004,2012,8,12,
"Valdez",,130,2012-08-12,24,2,"F",116,17.5,12,,"1",,"C","HALIBUT GROVE",466004,2012,8,12,
"Valdez",,130,2012-08-12,24,3,"F",109,,13,,"2",,"C","HALIBUT GROVE",466004,2012,8,12,"1 OTOLITH"
"Valdez",,130,2012-08-12,24,4,"M",93,9,12,,"1",,"C","HALIBUT GROVE",466004,2012,8,12,
"Valdez",,130,2012-08-12,24,5,"F",109,13.5,13,13,"2",,"C","HALIBUT GROVE",466004,2012,8,12,
"Valdez",,130,2012-08-12,24,6,"F",112,15,15,,"2",,"C","HALIBUT GROVE",466004,2012,8,12,
"Valdez",,130,2012-08-12,24,7,"F",115,18.5,14,14,"1",,"C","HALIBUT GROVE",466004,2012,8,12,
"Valdez",,130,2012-08-12,24,8,"M",91,,13,,"2",,"C","HALIBUT GROVE",466004,2012,8,12,"1 OTOLITH"
"Valdez",,130,2012-08-12,24,9,"M",89,,12,,"2",,"C","HALIBUT GROVE",466004,2012,8,12,"1 OTOLITH"
"Valdez",,130,2012-08-12,24,10,"F",104,,11,,"2",,"C","HALIBUT GROVE",466004,2012,8,12,
"Valdez",,130,2012-08-12,24,11,"F",106,13.5,11,11,"2",,"C","HALIBUT GROVE",466004,2012,8,12,
"Valdez",,130,2012-08-12,24,12,"M",94,,14,,"2",,"C","HALIBUT GROVE",466004,2012,8,12,
"Valdez",,130,2012-08-12,24,13,"F",104,12.5,13,,"2",,"C","HALIBUT GROVE",466004,2012,8,12,"NO OTOLITHS"
"Valdez",,130,2012-08-12,24,14,"F",107,15,15,,"2",,"C","DAN ORION",465903,2012,8,12,
"Valdez",,130,2012-08-12,24,15,"F",130,21.5,20,,"1",,"C","DAN ORION",465903,2012,8,12,
"Valdez",,130,2012-08-12,24,16,"F",113,14.5,15,,"2",,"C","DAN ORION",465903,2012,8,12,
"Valdez",,130,2012-08-13,25,1,"F",94,,9,,"1",,"C","HALIBUT GROVE",466003,2012,8,13,"1 OTOLITH"
"Valdez",,130,2012-08-13,25,2,"F",97,13,10,10,"2",,"C","HALIBUT GROVE",466003,2012,8,13,
"Valdez",,130,2012-08-13,25,3,"M",102,,,,"I",,"C","HALIBUT GROVE",466003,2012,8,13,
"Valdez",,130,2012-08-13,25,4,"M",96,,16,,"2",,"C","HALIBUT GROVE",466003,2012,8,13,"1 OTOLITH"
"Valdez",,130,2012-08-13,25,5,"M",89,10.5,12,,"2",,"C","HALIBUT GROVE",466003,2012,8,13,
"Valdez",,130,2012-08-13,25,6,"F",110,,15,,"1",,"C","HALIBUT GROVE",466003,2012,8,13,"NO OTOLITHS"
"Valdez",,130,2012-08-13,25,7,"M",92,,12,12,"2",,"C","HALIBUT GROVE",466003,2012,8,13,
"Valdez",,130,2012-08-13,25,8,"F",111,15,15,,"2",,"C","HALIBUT GROVE",466003,2012,8,13,
"Valdez",,130,2012-08-13,25,9,"F",108,,13,,"2",,"C","HALIBUT GROVE",466003,2012,8,13,
"Valdez",,130,2012-08-13,25,10,"M",90,,14,,"2",,"C","HALIBUT GROVE",466003,2012,8,13,"1 OTOLITH, FIN DAMAGED"
"Valdez",,130,2012-08-13,25,11,"F",95,,16,,"2",,"C","HALIBUT GROVE",466003,2012,8,13,"1/2 OTOLITH"
"Valdez",,130,2012-08-14,26,1,"M",108,15,15,,"2",,"C","CHINOOK",466002,2012,8,14,"FIN DAMAGED"
"Valdez",,130,2012-08-14,26,2,"F",110,15,16,,"2",,"C","HALIBUT GROVE",466003,2012,8,14,"NO OTOLITHS"
"Valdez",,130,2012-08-14,26,3,"F",115,18,16,,"2",,"C","HALIBUT GROVE",466003,2012,8,14,
"Valdez",,130,2012-08-14,26,4,"F",107,,12,,"2",,"C","HALIBUT GROVE",466003,2012,8,14,
"Valdez",,130,2012-08-14,26,5,"F",92,,10,,"2",,"C","HALIBUT GROVE",466003,2012,8,14,"1/2 OTOLITH"
"Valdez",,130,2012-08-14,26,6,"M",94,8.5,14,,"2",,"C","HALIBUT GROVE",466003,2012,8,14,"1 OTOLITH"
"Valdez",,130,2012-08-14,26,7,"F",105,13,12,12,"2",,"C","HALIBUT GROVE",466003,2012,8,14,
"Valdez",,130,2012-08-14,26,8,"F",98,13.5,10,11,"2",,"C","HALIBUT GROVE",466003,2012,8,14,
"Valdez",,130,2012-08-14,26,9,"M",91,,14,,"2",,"C","HALIBUT GROVE",466003,2012,8,14,
"Valdez",,130,2012-08-14,26,10,"M",92,,14,,"2",,"C","HALIBUT GROVE",466003,2012,8,14,"1 OTOLITH"
"Valdez",,130,2012-08-14,26,11,"F",98,,11,,"2",,"C","HALIBUT GROVE",466003,2012,8,14,
"Valdez",,130,2012-08-14,26,12,"F",110,,13,,"2",,"C","HALIBUT GROVE",466003,2012,8,14,
"Valdez",,130,2012-08-14,26,13,"F",113,18,18,19,"2",,"C","HALIBUT GROVE",466003,2012,8,14,"NO OTOLITHS"
"Valdez",,130,2012-08-14,26,14,"F",95,10,11,,"2",,"C","HALIBUT GROVE",466003,2012,8,14,"NO OTOLITHS"
"Valdez",,130,2012-08-14,26,15,"F",124,21,18,,"2",,"C","EL GATO",475932,2012,8,14,
"Valdez",,130,2012-08-14,26,16,"M",89,,14,13,"2",,"C","EL GATO",475932,2012,8,14,"FIN DAMAGED"
"Valdez",,130,2012-08-14,26,17,"M",97,,23,,"2",,"C","EL GATO",475932,2012,8,14,
"Valdez",,130,2012-08-15,27,1,"F",96,9,10,,"2",,"C","DAN ORION",466003,2012,8,15,"NO OTOLITHS"
"Valdez",,130,2012-08-15,27,2,"F",108,14,12,,"2",,"C","HALIBUT GROVE",475932,2012,8,15,
"Valdez",,130,2012-08-15,27,3,"F",116,22.5,19,,"2",,"C","HALIBUT GROVE",475932,2012,8,15,"NO OTOLITHS"
"Valdez",,130,2012-08-15,27,4,"M",93,,16,,"1",,"C","HALIBUT GROVE",475932,2012,8,15,"1 OTOLITH"
"Valdez",,130,2012-08-15,27,5,"F",115,,16,15,"2",,"C","HALIBUT GROVE",475932,2012,8,15,
"Valdez",,130,2012-08-15,27,6,"F",99,,10,,"2",,"C","HALIBUT GROVE",475932,2012,8,15,"1 OTOLITH"
"Valdez",,130,2012-08-15,27,7,"M",94,,14,,"1",,"C","HALIBUT GROVE",475932,2012,8,15,"1 WHOLE, 1 BROKEN OTOLITH"
"Valdez",,130,2012-08-15,27,8,"F",111,,15,,"2",,"C","HALIBUT GROVE",475932,2012,8,15,"NO OTOLITHS"
"Valdez",,130,2012-08-15,27,9,"F",107,15,13,14,"2",,"C","HALIBUT GROVE",475932,2012,8,15,
"Valdez",,130,2012-08-15,27,10,"F",106,,14,,"2",,"C","HALIBUT GROVE",475932,2012,8,15,
"Valdez",,130,2012-08-15,27,11,"F",96,,9,,"2",,"C","HALIBUT GROVE",475932,2012,8,15,"1/2 OTOLITH"
"Valdez",,130,2012-08-16,28,1,"F",89,7,7,9,"2",,"C","ALEASHIA",476003,2012,8,16,
"Valdez",,130,2012-08-16,28,2,"F",119,,16,,"2",,"C","SEAQUESTER",475932,2012,8,16,"NO OTOLITHS"
"Valdez",,130,2012-08-16,28,3,"M",89,,16,,"2",,"C","SEAQUESTER",475932,2012,8,16,"1 OTOLITH"
"Valdez",,130,2012-08-16,28,4,"F",98,,11,11,"2",,"C","SEAQUESTER",475932,2012,8,16,"NO OTOLITHS"
"Valdez",,130,2012-08-16,28,5,"F",101,,12,12,"2",,"C","SEAQUESTER",475932,2012,8,16,"1 OTOLITH"
"Valdez",,130,2012-08-16,28,6,"F",89,,11,,"2",,"C","EL GATO",476001,2012,8,16,"NO OTOLITHS"
"Valdez",,130,2012-08-16,28,7,"F",114,,16,,"2",,"C","EL GATO",476001,2012,8,16,"1 OTOLITH"
"Valdez",,130,2012-08-16,28,8,"F",122,,20,19,"2",,"C","EL GATO",476001,2012,8,16,"1 OTOLITH"
"Valdez",,130,2012-08-16,28,9,"F",103,,15,16,"2",,"C","EL GATO",476001,2012,8,16,"NO OTOLITHS"
"Valdez",,130,2012-08-16,28,10,"F",112,,17,,"1",,"C","EL GATO",476001,2012,8,16,"1 OTOLITH"
"Valdez",,130,2012-08-16,28,11,"F",107,,13,,"2",,"C","HALIBUT GROVE",466004,2012,8,16,
"Valdez",,130,2012-08-16,28,12,"F",110,13.5,15,,"2",,"C","HALIBUT GROVE",466004,2012,8,16,
"Valdez",,130,2012-08-16,28,13,"M",95,9.5,13,,"2",,"C","HALIBUT GROVE",466004,2012,8,16,
"Valdez",,130,2012-08-16,28,14,"F",111,,16,,"2",,"C","HALIBUT GROVE",466004,2012,8,16,
"Valdez",,130,2012-08-16,28,15,"M",90,10,13,,"2",,"C","HALIBUT GROVE",466004,2012,8,16,
"Valdez",,130,2012-08-16,28,16,"M",89,9.5,12,,"2",,"C","HALIBUT GROVE",466004,2012,8,16,
"Valdez",,130,2012-08-16,28,17,"F",110,,15,,"2",,"C","DAN ORION",465931,2012,8,16,"STAT 465931, 1 OTOLITH"
"Valdez",,130,2012-08-16,28,18,"F",123,19.5,22,22,"2",,"C","DAN ORION",465931,2012,8,16,"STAT 465931, 1 OTOLITH"
"Valdez",,130,2012-08-16,28,19,"F",111,,13,,"2",,"C","DAN ORION",465931,2012,8,16,"STAT 465931"
"Valdez",,130,2012-08-16,28,20,"F",116,,23,,"2",,"C","DAN ORION",465931,2012,8,16,"STAT 465931"
"Valdez",,130,2012-08-16,28,21,"F",103,,16,,"2",,"C","DAN ORION",465931,2012,8,16,"STAT 465931, 1 1/2 OTOLITHS"
"Valdez",,130,2012-08-16,28,22,"F",113,,22,,"2",,"C","DAN ORION",465931,2012,8,16,"STAT 465931"
"Valdez",,130,2012-08-16,28,23,"F",105,,14,,"2",,"C","DAN ORION",465931,2012,8,16,"STAT 465931, 1 OTOLITH"
"Valdez",,130,2012-08-16,28,24,"",119,,20,20,"2",,"C","DAN ORION",465931,2012,8,16,"STAT 465931, NO OTOLITHS"
"Valdez",,130,2012-08-16,28,25,"F",95,,13,14,"2",,"C","DAN ORION",465931,2012,8,16,"STAT 465931, 1/2 OTOLITHS"
"Valdez",,130,2012-08-16,28,26,"F",115,,16,,"2",,"C","DAN ORION",465931,2012,8,16,"STAT 465931, 1 OTOLITH"
"Valdez",,130,2012-08-16,28,27,"F",118,16.5,18,,"1",,"C","DAN ORION",465931,2012,8,16,"STAT 465931, NO OTOLITHS"
"Valdez",,130,2012-08-16,28,28,"",93,,11,,"2",,"C","DAN ORION",465931,2012,8,16,"STAT 465931, NO OTOLITHS"
"Valdez",,130,2012-08-17,29,1,"F",114,18,13,,"2",,"C","HALIBUT GROVE",465932,2012,8,17,"1 WHOLE, 1 BROKEN OTOLITH"
"Valdez",,130,2012-08-17,29,2,"M",93,,13,,"2",,"C","HALIBUT GROVE",465932,2012,8,17,
"Valdez",,130,2012-08-17,29,3,"M",95,,16,,"2",,"C","HALIBUT GROVE",465932,2012,8,17,"FIN DAMAGED"
"Valdez",,130,2012-08-17,29,4,"M",96,,13,,"2",,"C","HALIBUT GROVE",465932,2012,8,17,
"Valdez",,130,2012-08-17,29,5,"M",90,,14,13,"2",,"C","HALIBUT GROVE",465932,2012,8,17,"FIN DAMAGED, ""NO OTOLITHS"""
"Valdez",,130,2012-08-17,29,6,"F",118,18,16,,"2",,"C","HALIBUT GROVE",465932,2012,8,17,
"Valdez",,130,2012-08-17,29,7,"F",119,,16,,"1",,"C","HALIBUT GROVE",465932,2012,8,17,"FIN DAMAGED, 1 OTOLITH"
"Valdez",,130,2012-08-17,29,8,"F",117,,,,,,"C","HALIBUT GROVE",465932,2012,8,17,"FIN DAMAGED, FIN THROWN OUT BECAUSE NOT USEABLE - REMAINING RAYS TOO SHORT TO SECTION."
"Valdez",,130,2012-08-17,29,9,"M",91,,16,,"1",,"C","HALIBUT GROVE",465932,2012,8,17,
"Valdez",,130,2012-08-17,29,10,"M",92,,14,,"2",,"C","HALIBUT GROVE",465932,2012,8,17,
"Valdez",,130,2012-08-17,29,11,"M",102,,15,,"1",,"C","HALIBUT GROVE",465932,2012,8,17,
"Valdez",,130,2012-08-17,29,12,"F",108,,16,,"2",,"C","HALIBUT GROVE",465932,2012,8,17,"1 OTOLITH"
"Whittier",,130,2012-07-02,1,1,"F",117,,16,,"2",,"C","AK 4 STAR",466002,2012,7,2,"RIGHT OTOLITH LOST"
"Whittier",,130,2012-07-02,1,2,"F",108,,11,,"2",,"C","AK 4 STAR",466002,2012,7,2,
"Whittier",,130,2012-07-02,1,3,"F",118,,16,,"2",,"C","AK 4 STAR",466002,2012,7,2,
"Whittier",,130,2012-07-02,1,4,"F",113,,13,,"2",,"C","AK 4 STAR",466002,2012,7,2,
"Whittier",,130,2012-07-02,1,5,"F",119,,16,,"2",,"C","AK 4 STAR",466002,2012,7,2,
"Whittier",,130,2012-07-02,1,6,"F",111,,16,16,"2",,"C","AK 4 STAR",466002,2012,7,2,
"Whittier",,130,2012-07-02,1,7,"F",114,,14,,"2",,"C","AK 4 STAR",466002,2012,7,2,
"Whittier",,130,2012-07-02,1,8,"M",96,,18,,"2",,"C","AK 4 STAR",466002,2012,7,2,
"Whittier",,130,2012-07-02,1,9,"M",103,,19,,"1",,"C","SALTWATER ADDICTION",466005,2012,7,2,
"Whittier",,130,2012-07-02,1,10,"F",98,,13,,"2",,"C","SALTWATER ADDICTION",466005,2012,7,2,
"Whittier",,130,2012-07-02,1,11,"M",94,,16,,"2",,"C","AK 4 STAR",466002,2012,7,2,"RIGHT OTOLITH LOST"
"Whittier",,130,2012-07-07,2,1,"",93,,,,,,"P","P1",476034,2012,7,7,"NO FIN RAY"
"Whittier",,130,2012-07-14,3,1,"M",82,,7,7,"2",,"P","P1",466003,2012,7,14,
"Whittier",,130,2012-07-14,3,2,"M",97,,16,,"1",,"P","P2",476033,2012,7,14,
"Whittier",,130,2012-07-14,3,3,"M",100,,17,,"1",,"P","P2",476033,2012,7,14,
"Whittier",,130,2012-07-14,3,4,"F",121,,19,19,"2",,"P","P2",476033,2012,7,14,
"Whittier",,130,2012-07-14,3,5,"F",126,,22,21,"1",,"P","P2",476033,2012,7,14,
"Whittier",,130,2012-07-14,3,6,"F",131,,18,,"2",,"P","P2",476033,2012,7,14,
"Whittier",,130,2012-07-14,3,7,"M",94,,14,14,"2",,"P","P3",486031,2012,7,14,
"Whittier",,130,2012-07-16,4,1,"F",109,,15,,"2",,"C","SWEE' PEA",466005,2012,7,16,
"Whittier",,130,2012-07-16,4,2,"F",108,,13,14,"2",,"C","SWEE' PEA",466005,2012,7,16,
"Whittier",,130,2012-07-16,4,3,"",101,,8,,"2",,"C","SEA RAIDER",476003,2012,7,16,
"Whittier",,130,2012-07-17,5,1,"M",94,7,15,,"2",,"C","CRAZY RAY",485932,2012,7,17,
"Whittier",,130,2012-07-17,5,2,"M",95,7.5,15,14,"1",,"C","CRAZY RAY",485932,2012,7,17,
"Whittier",,130,2012-07-18,6,1,"F",120,,11,11,"2",,"C","SWEE' PEA",466002,2012,7,18,
"Whittier",,130,2012-07-18,6,2,"F",116,,15,,"1",,"C","SWEE' PEA",466002,2012,7,18,
"Whittier",,130,2012-07-18,6,3,"F",132,,19,,"2",,"C","SWEE' PEA",466002,2012,7,18,
"Whittier",,130,2012-07-18,6,4,"F",114,,15,,"1",,"C","SWEE' PEA",466002,2012,7,18,
"Whittier",,130,2012-07-18,6,5,"F",123,,21,,"1",,"C","SWEE' PEA",466002,2012,7,18,
"Whittier",,130,2012-07-18,6,6,"F",111,,13,13,"1",,"C","SWEE' PEA",466002,2012,7,18,
"Whittier",,130,2012-07-18,6,7,"F",109,,13,,"2",,"C","SWEE' PEA",466002,2012,7,18,
"Whittier",,130,2012-07-18,6,8,"F",121,,22,,"1",,"C","SWEE' PEA",466002,2012,7,18,
"Whittier",,130,2012-07-18,6,9,"F",110,,15,,"2",,"C","SWEE' PEA",466002,2012,7,18,
"Whittier",,130,2012-07-18,6,10,"F",119,,,,,,"C","SWEE' PEA",466002,2012,7,18,"NO FIN RAY"
"Whittier",,130,2012-07-18,6,11,"F",111,,13,,"2",,"C","SWEE' PEA",466002,2012,7,18,
"Whittier",,130,2012-07-18,6,12,"F",110,,19,16,"1",,"C","SWEE' PEA",466002,2012,7,18,
"Whittier",,130,2012-07-18,6,13,"F",108,14,13,,"2",,"C","CRAZY RAY",466002,2012,7,18,
"Whittier",,130,2012-07-18,6,14,"M",96,7.5,12,,"2",,"C","CRAZY RAY",466002,2012,7,18,
"Whittier",,130,2012-07-18,6,15,"M",94,9,14,,"2",,"C","CRAZY RAY",466002,2012,7,18,
"Whittier",,130,2012-07-18,6,16,"M",98,8,15,,"2",,"C","CRAZY RAY",466002,2012,7,18,
"Whittier",,130,2012-07-18,6,17,"F",104,12,12,,"2",,"C","CRAZY RAY",466002,2012,7,18,
"Whittier",,130,2012-07-18,6,18,"M",95,10,14,,"2",,"C","CRAZY RAY",466002,2012,7,18,
"Whittier",,130,2012-07-18,6,19,"F",114,15,15,15,"2",,"C","CRAZY RAY",466002,2012,7,18,
"Whittier",,130,2012-07-18,6,20,"F",109,,13,,"2",,"C","CRAZY RAY",466002,2012,7,18,
"Whittier",,130,2012-07-18,6,21,"M",97,,15,,"2",,"C","CRAZY RAY",466002,2012,7,18,
"Whittier",,130,2012-07-18,6,22,"F",109,,13,,"2",,"P","P1",475934,2012,7,18,
"Whittier",,130,2012-07-19,7,1,"F",114,16,14,,"2",,"C","SWEE' PEA",466002,2012,7,19,
"Whittier",,130,2012-07-19,7,2,"F",104,9.5,12,15,"1",,"C","SWEE' PEA",466002,2012,7,19,"""NO OTOLITHS"""
"Whittier",,130,2012-07-19,7,3,"M",99,9,15,,"2",,"C","SWEE' PEA",466002,2012,7,19,
"Whittier",,130,2012-07-19,7,4,"F",116,15.5,13,,"2",,"C","SWEE' PEA",466002,2012,7,19,
"Whittier",,130,2012-07-19,7,5,"F",100,,,,,,"P","P1",476008,2012,7,19,"""NO FINRAY"""
"Whittier",,130,2012-07-19,7,6,"F",106,,14,,"2",,"P","P1",476008,2012,7,19,
"Whittier",,130,2012-07-19,7,7,"F",91,,7,,"2",,"P","P1",476008,2012,7,19,
"Whittier",,130,2012-07-19,7,8,"F",121,,20,,"1",,"P","P1",476008,2012,7,19,
"Whittier",,130,2012-07-19,7,9,"F",106,,12,,"2",,"P","P1",476008,2012,7,19,
"Whittier",,130,2012-07-19,7,10,"F",111,,13,,"2",,"P","P1",476008,2012,7,19,
"Whittier",,130,2012-07-19,7,11,"F",107,,14,,"2",,"P","P1",476008,2012,7,19,
"Whittier",,130,2012-07-19,7,12,"F",117,,13,,"2",,"P","P1",476008,2012,7,19,
"Whittier",,130,2012-08-04,8,1,"M",96,7,,,,,"C","CRAZY RAY",466002,2012,8,4,"""NO FINRAY"""
"Whittier",,130,2012-08-04,8,2,"M",101,11,16,16,"1",,"C","CRAZY RAY",466002,2012,8,4,
"Whittier",,130,2012-08-07,9,1,"F",111,,12,,"2",,"C","CRAZY RAY",485932,2012,8,7,
"Whittier",,130,2012-08-08,10,1,"",94,9.5,,,,,"P","P1",485932,2012,8,8,"NO OTOLITHS OR FIN RAY, ANGLER DIDN'T CLEAN AT DOCK"
"Whittier",,130,2012-08-08,10,2,"",96,10,,,,,"P","P1",485932,2012,8,8,"""NO OTOLITHS OR FINRAY"""
"Whittier",,130,2012-08-08,10,3,"F",111,,15,,"2",,"C","SWEE' PEA",466004,2012,8,8,
"Whittier",,130,2012-08-08,10,4,"F",108,,14,,"2",,"C","SWEE' PEA",466004,2012,8,8,
"Whittier",,130,2012-08-08,10,5,"M",101,,18,,"1",,"C","SWEE' PEA",466004,2012,8,8,
"Whittier",,130,2012-08-08,10,6,"M",95,,16,,"1",,"C","SWEE' PEA",466004,2012,8,8,
"Whittier",,130,2012-08-08,10,7,"M",96,,14,,"2",,"C","SWEE' PEA",466004,2012,8,8,
"Whittier",,130,2012-08-08,10,8,"M",97,,17,,"2",,"C","SWEE' PEA",466004,2012,8,8,
"Whittier",,130,2012-08-08,10,9,"F",123,,15,16,"2",,"C","CRAZY RAY",485932,2012,8,8,
"Whittier",,130,2012-08-11,11,1,"F",135,22,24,,"1",,"P","P1",485932,2012,8,11,"NO OTOLITHS"
"Whittier",,130,2012-08-11,11,2,"F",101,8.5,11,,"2",,"P","P1",485932,2012,8,11,
"Whittier",,130,2012-08-11,11,3,"M",109,12,13,,"2",,"P","P1",485932,2012,8,11,
"Whittier",,130,2012-08-11,11,4,"",110,13.5,,,,,"P","P1",485932,2012,8,11,"NO OTO/FIN"
"Whittier",,130,2012-08-11,11,5,"",96,7,,,,,"P","P1",485932,2012,8,11,"NO OTO/FIN"
"Whittier",,130,2012-08-11,11,6,"",96,8.5,,,,,"P","P1",485932,2012,8,11,"NO OTO/FIN"
"Whittier",,130,2012-08-12,12,1,"F",117,,,,,,"P","P5",485932,2012,8,12,"""NO OTOLITHS OR FINRAY"""
"Whittier",,130,2012-08-12,12,2,"F",91,,,,,,"C","CRAZY RAY",485932,2012,8,12,"""NO FINRAY"""
"Whittier",,130,2012-08-12,12,3,"M",90,,13,,"2",,"C","CRAZY RAY",485932,2012,8,12,"""NO LEFT OTOLITH"""
"Whittier",,130,2012-08-12,12,4,"M",93,,12,,"2",,"C","CRAZY RAY",485932,2012,8,12,
"Whittier",,130,2012-08-12,12,5,"F",114,15,14,,"2",,"C","AK 4 STAR",476009,2012,8,12,
"Whittier",,130,2012-08-14,13,1,"F",95,,9,10,"2",,"P","P1",485932,2012,8,14,"""INT 22"""
"Whittier",,130,2012-08-15,14,1,"M",97,,14,15,"1",,"P","P4",485932,2012,8,15,
"Whittier",,130,2012-08-16,15,1,"M",95,9,18,,"1",,"P","P1",466002,2012,8,16,"""NO OTOLITHS"""
"Whittier",,130,2012-08-16,15,2,"F",97,9,9,9,"2",,"P","P1",466002,2012,8,16,"NO OTOLITHS"
"Whittier",,130,2012-08-16,15,3,"M",98,9,14,,"2",,"P","P1",466002,2012,8,16,"NO OTOLITHS"
"Whittier",,130,2012-08-16,15,4,"M",93,8.5,16,,"2",,"P","P1",466002,2012,8,16,
"Whittier",,130,2012-08-16,15,5,"M",96,7.5,14,,"2",,"P","P1",466002,2012,8,16,
"Whittier",,130,2012-08-16,15,6,"M",99,11,16,,"1",,"P","P1",466002,2012,8,16,"NO OTOLITHS"
"Whittier",,130,2012-08-16,15,7,"M",90,6.5,,,,,"P","P1",466002,2012,8,16,"NO OTOLITHS OR FIN RAY"
"Whittier",,130,2012-08-16,15,8,"M",91,8,13,13,"2",,"P","P1",466002,2012,8,16,
"Whittier",,130,2012-08-16,15,9,"M",99,10.5,17,,"2",,"P","P1",466002,2012,8,16,
"Whittier",,130,2012-08-16,15,10,"F",124,18,19,,"1",,"P","P1",466002,2012,8,16,"NO RIGHT OTHOLITH"
"Whittier",,130,2012-08-16,15,11,"M",92,8.5,14,15,"2",,"P","P1",466002,2012,8,16,"NO OTOLITHS"
"Whittier",,130,2012-08-16,15,12,"F",103,11,12,,"2",,"P","P1",466002,2012,8,16,"NO OTO"
"Whittier",,130,2012-08-17,16,1,"M",97,6,17,,"2",,"P","P2",466002,2012,8,17,
"Whittier",,130,2012-08-17,16,2,"M",99,6,16,16,"1",,"P","P2",466002,2012,8,17,
"Whittier",,130,2012-08-17,16,3,"M",96,,14,16,"2",,"P","P2",466002,2012,8,17,
"Whittier",,130,2012-08-17,16,4,"M",94,5,11,12,"2",,"P","P2",466002,2012,8,17,
"Whittier",,130,2012-08-17,16,5,"M",95,4.5,14,,"2",,"P","P2",466002,2012,8,17,
"Whittier",,130,2012-08-17,16,6,"F",113,,14,14,"2",,"P","P2",466002,2012,8,17,
"Whittier",,130,2012-08-17,16,7,"F",106,11,11,11,"2",,"P","P2",466002,2012,8,17,
"Whittier",,130,2012-08-17,16,8,"F",95,,9,,"2",,"P","P2",466002,2012,8,17,
"Whittier",,130,2012-08-17,16,9,"F",121,15,16,,"2",,"P","P2",466002,2012,8,17,
"Whittier",,130,2012-08-17,16,10,"F",115,12,16,16,"1",,"P","P2",466002,2012,8,17,
"Whittier",,130,2012-08-17,16,11,"M",94,,16,,"2",,"P","P2",466002,2012,8,17,"""NO LEFT OTOLITH"""
"Whittier",,130,2012-08-17,16,12,"M",100,,18,,"1",,"P","P2",466002,2012,8,17,
"Whittier",,130,2012-08-17,16,13,"",112,,,,,,"P","P1",485932,2012,8,17,"NO OTOLITHS OR FIN RAY (ANGLER DIDN'T CLEAN AT DOCK)"
"Whittier",,130,2012-08-17,16,14,"",108,,,,,,"P","P1",485932,2012,8,17,"NO OTOLITHS OR FIN RAY (ANGLER DIDN'T CLEAN AT DOCK)"
"Whittier",,130,2012-08-17,16,15,"",125,,,,,,"P","P1",485932,2012,8,17,"NO OTOLITHS OR FIN RAY (ANGLER DIDN'T CLEAN AT DOCK)"
"Whittier",,130,2012-08-17,16,16,"",111,,,,,,"P","P1",485932,2012,8,17,"NO OTOLITHS OR FIN RAY (ANGLER DIDN'T CLEAN AT DOCK)"
"Whittier",,130,2012-08-22,17,1,"M",96,,,,,,"C","CRAZY RAY",466002,2012,8,22,"NO OTOLITHS OR FIN RAY (NOT ENOUGH TIME)"
"Whittier",,130,2012-08-22,17,2,"F",109,,,,,,"C","CRAZY RAY",466002,2012,8,22,"NO OTOLITHS OR FIN RAY (NOT ENOUGH TIME)"
"Whittier",,130,2012-08-22,17,3,"F",113,,,,,,"C","CRAZY RAY",466002,2012,8,22,"NO OTOLITHS OR FIN RAY (NOT ENOUGH TIME)"
"Whittier",,130,2012-08-22,17,4,"F",124,,,,,,"C","CRAZY RAY",466002,2012,8,22,"NO OTOLITHS OR FIN RAY (NOT ENOUGH TIME)"
"Whittier",,130,2012-08-22,17,5,"F",96,,,,,,"C","CRAZY RAY",466002,2012,8,22,"NO OTOLITHS OR FIN RAY (NOT ENOUGH TIME)"
"Whittier",,130,2012-08-22,17,6,"M",93,,,,,,"C","CRAZY RAY",466002,2012,8,22,"NO OTOLITHS OR FIN RAY (NOT ENOUGH TIME)"
"Whittier",,130,2012-08-22,17,7,"F",106,,,,,,"C","CRAZY RAY",466002,2012,8,22,"NO OTOLITHS OR FIN RAY (NOT ENOUGH TIME)"
"Whittier",,130,2012-08-22,17,8,"F",123,,,,,,"C","CRAZY RAY",466002,2012,8,22,"NO OTOLITHS OR FIN RAY (NOT ENOUGH TIME)"
"Whittier",,130,2012-08-22,17,9,"M",95,,,,,,"C","CRAZY RAY",466002,2012,8,22,"NO OTOLITHS OR FIN RAY (NOT ENOUGH TIME)"
"Whittier",,130,2012-08-22,17,10,"F",104,,,,,,"C","CRAZY RAY",466002,2012,8,22,"NO OTOLITHS OR FIN RAY (NOT ENOUGH TIME)"
"Whittier",,130,2012-08-22,17,11,"F",111,,,,,,"C","CRAZY RAY",466002,2012,8,22,"NO OTOLITHS OR FIN RAY (NOT ENOUGH TIME)"
"Whittier",,130,2012-08-22,17,12,"M",103,,,,,,"C","CRAZY RAY",466002,2012,8,22,"NO OTOLITHS OR FIN RAY (NOT ENOUGH TIME)"
"Whittier",,130,2012-08-22,17,13,"F",115,18,,,,,"C","CRAZY RAY",466002,2012,8,22,"NO OTOLITHS OR FIN RAY (NOT ENOUGH TIME)"
"Whittier",,130,2012-08-22,17,14,"M",90,7,15,,"1",,"C","CRAZY RAY",466002,2012,8,22,
"Whittier",,130,2012-08-22,17,15,"M",102,11,25,,"1",,"C","CRAZY RAY",466002,2012,8,22,
"Whittier",,130,2012-08-22,17,16,"M",90,,11,,"2",,"C","CRAZY RAY",466002,2012,8,22,
"Whittier",,130,2012-08-22,17,17,"M",95,9.5,15,,"1",,"C","CRAZY RAY",466002,2012,8,22,
"Whittier",,130,2012-08-22,17,18,"F",103,10,13,,"1",,"C","CRAZY RAY",466002,2012,8,22,
"Whittier",,130,2012-08-22,17,19,"F",108,,16,,"2",,"C","AK 4 STAR",476003,2012,8,22,"NO LEFT OTOLITH"
"Whittier",,130,2012-08-22,17,20,"F",108,7.5,15,14,"1",,"C","AK 4 STAR",476003,2012,8,22,
"Whittier",,130,2012-08-25,18,1,"F",106,,13,11,"2",,"P","P1",475932,2012,8,25,"NO LEFT OTOLITH, INTERVIEW 7"
